timestamp,label,phase
2011-10-20 12:22:01.473000,111,A
2011-10-20 12:37:40.507000,111,A
2011-10-20 13:23:55.390000,111,A
2011-10-20 13:39:08.157000,111,A
2011-10-20 14:25:51.473000,111,A
2011-10-20 14:40:49.357000,111,A
2011-10-20 15:27:47.707000,111,A
2011-10-20 15:30:39.240000,207,A
2011-10-20 15:30:39.240000,127,A
2011-10-20 15:30:58.907000,127,A
2011-10-20 15:30:58.924000,207,A
2011-10-20 15:42:34.723000,111,A
2011-10-20 15:45:54.590000,204,B
2011-10-20 15:47:31.223000,204,B
2011-10-20 16:09:00.424000,204,B
2011-10-20 16:30:12.723000,111,A
2011-10-20 16:45:03.590000,111,A
2011-10-20 17:32:44.407000,111,A
2011-10-20 17:42:00.657000,155,B
2011-10-20 17:42:04.407000,157,B
2011-10-20 17:43:35.473000,111,A
2011-10-20 17:43:44.140000,111,A
2011-10-20 17:43:49.274000,111,A
2011-10-20 17:43:52.490000,111,A
2011-10-20 17:45:03.957000,118,B
2011-10-20 17:45:04.390000,149,B
2011-10-20 17:45:08.274000,128,B
2011-10-20 17:49:44.457000,111,A
2011-10-20 17:54:30.723000,156,A
2011-10-20 17:56:37.507000,156,A
2011-10-20 17:56:40.174000,149,B
2011-10-20 17:57:12.657000,152,B
2011-10-20 17:57:24.573000,159,B
2011-10-20 17:57:30.107000,123,B
2011-10-20 17:57:40.223000,129,B
2011-10-20 17:57:45.707000,129,B
2011-10-20 17:57:48.490000,129,B
2011-10-20 18:18:57.274000,129,B
2011-10-20 18:18:58.174000,123,B
2011-10-20 18:19:26.607000,128,B
2011-10-20 18:19:32.140000,128,B
2011-10-20 18:19:35.790000,128,B
2011-10-20 18:19:44.940000,159,B
2011-10-20 18:20:01.257000,152,B
2011-10-20 18:29:43.390000,150,B
2011-10-20 18:31:16.407000,158,A
2011-10-20 18:37:18.857000,111,A
2011-10-20 18:42:24.507000,128,B
2011-10-20 18:46:09.157000,150,B
2011-10-20 18:46:32.907000,158,A
2011-10-20 18:46:38.457000,151,B
2011-10-20 18:48:10.540000,111,A
2011-10-20 18:48:17.857000,111,A
2011-10-20 18:51:04.257000,157,B
2011-10-20 18:51:22.840000,157,B
2011-10-20 18:51:29.440000,152,B
2011-10-20 18:51:39.757000,159,B
2011-10-20 18:51:48.657000,159,B
2011-10-20 18:52:58.640000,156,A
2011-10-20 18:53:30.973000,156,A
2011-10-20 18:53:56.640000,157,B
2011-10-20 18:53:59.073000,152,B
2011-10-20 18:54:15.024000,147,A
2011-10-20 18:54:15.024000,207,A
2011-10-20 18:54:32.307000,111,A
2011-10-20 19:07:23.640000,128,B
2011-10-20 19:07:29.157000,128,B
2011-10-20 19:07:33.407000,128,B
2011-10-20 19:10:32.807000,157,B
2011-10-20 19:15:38.690000,111,A
2011-10-20 19:15:47.307000,111,A
2011-10-20 19:36:22.857000,111,A
2011-10-20 19:36:50.624000,101,B
2011-10-20 19:36:50.707000,102,B
2011-10-20 19:37:06.290000,149,B
2011-10-20 19:37:18.740000,120,B
2011-10-20 19:37:21.857000,140,B
2011-10-20 19:39:37.573000,149,B
2011-10-20 19:40:13.390000,112,B
2011-10-20 19:40:59.924000,111,A
2011-10-20 19:41:08.573000,111,A
2011-10-20 19:42:46.940000,118,B
2011-10-20 19:49:34.757000,140,B
2011-10-20 19:50:08.723000,151,B
2011-10-20 19:51:26.240000,140,B
2011-10-20 19:52:13.174000,207,A
2011-10-20 19:52:13.174000,147,A
2011-10-20 19:53:47.073000,111,A
2011-10-20 19:56:04.490000,111,A
2011-10-20 19:56:11.207000,111,A
2011-10-20 20:03:27.573000,111,A
2011-10-20 20:03:47.007000,111,A
2011-10-20 20:04:41.907000,111,A
2011-10-20 20:04:46.490000,111,A
2011-10-20 20:09:47.457000,111,A
2011-10-20 20:09:54.890000,111,A
2011-10-20 20:15:41.823000,111,A
2011-10-20 20:15:46.223000,111,A
2011-10-20 20:16:01.640000,111,A
2011-10-20 20:16:09.874000,111,A
2011-10-20 20:18:55.807000,111,A
2011-10-20 20:19:09.140000,111,A
2011-10-20 20:20:48.040000,111,A
2011-10-20 20:20:51.857000,111,A
2011-10-20 20:21:01.624000,111,A
2011-10-20 20:21:25.257000,111,A
2011-10-20 20:21:28.573000,111,A
2011-10-20 20:22:03.190000,111,A
2011-10-20 20:22:06.540000,111,A
2011-10-20 20:22:15.073000,111,A
2011-10-20 20:22:17.707000,111,A
2011-10-20 20:24:00.190000,152,B
2011-10-20 20:24:14.640000,159,B
2011-10-20 20:24:27.674000,123,B
2011-10-20 20:24:37.807000,129,B
2011-10-20 20:40:48.640000,111,A
2011-10-20 21:14:13.807000,129,B
2011-10-20 21:14:14.340000,123,B
2011-10-20 21:14:24.407000,159,B
2011-10-20 21:14:35.007000,152,B
2011-10-20 21:15:23.473000,155,B
2011-10-20 21:15:23.840000,157,B
2011-10-20 21:15:47.990000,149,B
2011-10-20 21:15:50.657000,156,A
2011-10-20 21:16:32.073000,156,A
2011-10-20 21:16:38.907000,140,B
2011-10-20 21:23:46.507000,152,B
2011-10-20 21:23:57.524000,159,B
2011-10-20 21:24:06.973000,159,B
2011-10-20 21:24:31.240000,112,B
2011-10-20 21:26:02.290000,111,A
2011-10-20 21:26:06.707000,159,B
2011-10-20 21:26:39.357000,135,B
2011-10-20 21:27:18.240000,135,B
2011-10-20 21:27:47.790000,159,B
2011-10-20 21:28:04.624000,152,B
2011-10-20 21:33:19.674000,204,B
2011-10-20 21:41:28.674000,111,A
2011-10-20 21:44:51.040000,204,B
2011-10-20 22:02:29.957000,204,B
2011-10-20 22:04:16.890000,155,B
2011-10-20 22:04:42.174000,111,A
2011-10-20 22:04:47.640000,111,A
2011-10-20 22:05:44.607000,128,B
2011-10-20 22:07:18.774000,158,A
2011-10-20 22:16:36.723000,159,B
2011-10-20 22:16:42.223000,123,B
2011-10-20 22:16:52.357000,129,B
2011-10-20 22:22:55.674000,111,A
2011-10-20 22:38:30.957000,111,A
2011-10-20 22:39:43.040000,128,B
2011-10-20 22:39:48.573000,128,B
2011-10-20 22:39:52.223000,128,B
2011-10-20 22:40:06.390000,156,A
2011-10-20 22:40:22.607000,158,A
2011-10-20 22:50:00.740000,140,B
2011-10-20 22:50:10.557000,140,B
2011-10-20 22:51:52.007000,140,B
2011-10-20 22:58:51.740000,156,A
2011-10-20 22:59:03.024000,140,B
2011-10-20 23:11:19.874000,140,B
2011-10-20 23:11:29.674000,140,B
2011-10-20 23:12:27.040000,209,B
2011-10-20 23:12:43.973000,209,B
2011-10-20 23:13:11.390000,140,B
2011-10-20 23:14:47.490000,155,B
2011-10-20 23:15:03.740000,118,B
2011-10-20 23:15:14.657000,140,B
2011-10-20 23:17:22.973000,102,B
2011-10-20 23:17:22.990000,101,B
2011-10-20 23:22:56.073000,111,A
2011-10-20 23:38:16.823000,111,A
2011-10-21 00:23:35.774000,111,A
2011-10-21 00:38:15.990000,111,A
2011-10-21 01:15:49.107000,101,B
2011-10-21 01:15:49.124000,102,B
2011-10-21 01:16:20.274000,129,B
2011-10-21 01:16:20.840000,123,B
2011-10-21 01:17:10.790000,159,B
2011-10-21 01:17:29.524000,152,B
2011-10-21 01:17:54.424000,102,B
2011-10-21 01:17:54.440000,101,B
2011-10-21 01:23:57.157000,111,A
2011-10-21 01:38:38.207000,111,A
2011-10-21 02:00:15.590000,101,B
2011-10-21 02:00:15.607000,102,B
2011-10-21 02:00:31.390000,155,B
2011-10-21 02:00:37.407000,111,A
2011-10-21 02:00:41.457000,111,A
2011-10-21 02:00:57.940000,111,A
2011-10-21 02:01:00.457000,111,A
2011-10-21 02:01:29.707000,155,B
2011-10-21 02:01:31.107000,157,B
2011-10-21 02:01:42.140000,157,B
2011-10-21 02:02:13.207000,102,B
2011-10-21 02:02:13.223000,101,B
2011-10-21 02:07:14.757000,204,B
2011-10-21 02:22:30.057000,111,A
2011-10-21 02:37:16.024000,111,A
2011-10-21 02:56:23.674000,131,B
2011-10-21 02:56:31.374000,131,B
2011-10-21 02:56:31.907000,131,B
2011-10-21 02:56:33.257000,131,B
2011-10-21 02:56:34.973000,131,B
2011-10-21 02:56:38.307000,131,B
2011-10-21 02:56:39.957000,131,B
2011-10-21 02:56:43.257000,131,B
2011-10-21 02:56:44.640000,131,B
2011-10-21 02:56:47.274000,131,B
2011-10-21 02:56:49.240000,131,B
2011-10-21 02:56:52.340000,131,B
2011-10-21 02:56:54.073000,131,B
2011-10-21 02:56:56.274000,131,B
2011-10-21 02:56:58.507000,131,B
2011-10-21 02:57:01.207000,131,B
2011-10-21 02:57:03.124000,131,B
2011-10-21 02:57:05.040000,131,B
2011-10-21 02:57:07.407000,131,B
2011-10-21 02:57:09.840000,131,B
2011-10-21 02:57:11.874000,131,B
2011-10-21 02:57:13.674000,131,B
2011-10-21 02:57:16.290000,131,B
2011-10-21 02:57:18.690000,131,B
2011-10-21 02:57:20.790000,131,B
2011-10-21 02:57:22.490000,131,B
2011-10-21 02:57:25.207000,131,B
2011-10-21 02:57:27.524000,131,B
2011-10-21 02:57:29.690000,131,B
2011-10-21 02:57:31.357000,131,B
2011-10-21 02:57:34.240000,131,B
2011-10-21 02:57:36.473000,131,B
2011-10-21 02:57:38.723000,131,B
2011-10-21 02:57:40.323000,131,B
2011-10-21 02:57:43.257000,131,B
2011-10-21 02:57:45.424000,131,B
2011-10-21 02:57:47.757000,131,B
2011-10-21 02:57:49.307000,131,B
2011-10-21 02:57:52.323000,131,B
2011-10-21 02:57:52.807000,131,B
2011-10-21 02:58:44.407000,131,B
2011-10-21 02:58:46.774000,131,B
2011-10-21 02:59:23.607000,131,B
2011-10-21 02:59:25.990000,131,B
2011-10-21 02:59:51.490000,102,B
2011-10-21 02:59:51.507000,101,B
2011-10-21 03:00:00.674000,131,B
2011-10-21 03:00:03.040000,131,B
2011-10-21 03:00:04.757000,157,B
2011-10-21 03:00:37.507000,131,B
2011-10-21 03:00:39.840000,131,B
2011-10-21 03:01:14.540000,131,B
2011-10-21 03:01:16.907000,131,B
2011-10-21 03:01:51.757000,131,B
2011-10-21 03:01:54.090000,131,B
2011-10-21 03:02:28.907000,131,B
2011-10-21 03:02:31.240000,131,B
2011-10-21 03:08:41.307000,140,B
2011-10-21 03:08:51.090000,140,B
2011-10-21 03:10:32.840000,140,B
2011-10-21 03:11:22.157000,157,B
2011-10-21 03:15:10.274000,157,B
2011-10-21 03:19:03.090000,155,B
2011-10-21 03:22:44.040000,111,A
2011-10-21 03:26:35.440000,156,A
2011-10-21 03:28:46.840000,156,A
2011-10-21 03:29:10.823000,140,B
2011-10-21 03:37:09.257000,111,A
2011-10-21 03:38:47.007000,155,B
2011-10-21 03:39:03.240000,157,B
2011-10-21 03:39:56.374000,102,B
2011-10-21 03:39:56.374000,101,B
2011-10-21 04:22:57.707000,111,A
2011-10-21 04:37:39.307000,111,A
2011-10-21 05:07:55.757000,131,B
2011-10-21 05:08:03.357000,131,B
2011-10-21 05:08:03.840000,131,B
2011-10-21 05:08:05.207000,131,B
2011-10-21 05:08:06.924000,131,B
2011-10-21 05:08:10.174000,131,B
2011-10-21 05:08:11.874000,131,B
2011-10-21 05:08:15.124000,131,B
2011-10-21 05:08:16.473000,131,B
2011-10-21 05:08:18.874000,131,B
2011-10-21 05:08:20.774000,131,B
2011-10-21 05:08:23.590000,131,B
2011-10-21 05:08:25.207000,131,B
2011-10-21 05:08:27.440000,131,B
2011-10-21 05:08:29.757000,131,B
2011-10-21 05:08:32.323000,131,B
2011-10-21 05:08:34.073000,131,B
2011-10-21 05:08:36.124000,131,B
2011-10-21 05:08:38.707000,131,B
2011-10-21 05:08:41.190000,131,B
2011-10-21 05:08:43.124000,131,B
2011-10-21 05:08:45.040000,131,B
2011-10-21 05:08:47.790000,131,B
2011-10-21 05:08:50.140000,131,B
2011-10-21 05:08:52.223000,131,B
2011-10-21 05:08:53.990000,131,B
2011-10-21 05:08:56.857000,131,B
2011-10-21 05:08:59.090000,131,B
2011-10-21 05:09:01.323000,131,B
2011-10-21 05:09:03.007000,131,B
2011-10-21 05:09:05.973000,131,B
2011-10-21 05:09:08.140000,131,B
2011-10-21 05:09:10.390000,131,B
2011-10-21 05:09:11.973000,131,B
2011-10-21 05:09:14.924000,131,B
2011-10-21 05:09:15.440000,131,B
2011-10-21 05:10:05.240000,131,B
2011-10-21 05:10:07.657000,131,B
2011-10-21 05:10:44.524000,131,B
2011-10-21 05:10:46.907000,131,B
2011-10-21 05:11:21.790000,131,B
2011-10-21 05:11:24.157000,131,B
2011-10-21 05:11:58.874000,131,B
2011-10-21 05:12:01.257000,131,B
2011-10-21 05:12:36.290000,131,B
2011-10-21 05:12:38.657000,131,B
2011-10-21 05:13:13.924000,131,B
2011-10-21 05:13:16.307000,131,B
2011-10-21 05:13:51.940000,131,B
2011-10-21 05:13:54.307000,131,B
2011-10-21 05:23:17.990000,111,A
2011-10-21 05:24:48.823000,204,B
2011-10-21 05:34:24.590000,156,A
2011-10-21 05:35:11.240000,156,A
2011-10-21 05:35:52.257000,140,B
2011-10-21 05:36:02.007000,140,B
2011-10-21 05:36:16.857000,149,B
2011-10-21 05:37:43.857000,140,B
2011-10-21 05:37:50.990000,111,A
2011-10-21 06:03:52.723000,204,B
2011-10-21 06:23:51.657000,111,A
2011-10-21 06:38:22.157000,111,A
2011-10-21 07:24:26.040000,111,A
2011-10-21 07:29:57.440000,156,A
2011-10-21 07:31:35.507000,156,A
2011-10-21 07:31:38.557000,149,B
2011-10-21 07:32:01.740000,118,B
2011-10-21 07:32:02.174000,128,B
2011-10-21 07:38:54.807000,111,A
2011-10-21 07:55:36.657000,127,A
2011-10-21 07:55:36.657000,207,A
2011-10-21 07:55:55.424000,207,A
2011-10-21 07:55:55.440000,127,A
2011-10-21 08:25:25.057000,111,A
2011-10-21 08:39:56.874000,111,A
2011-10-21 08:43:28.590000,155,B
2011-10-21 08:43:52.757000,108,A
2011-10-21 08:46:12.823000,108,A
2011-10-21 08:48:06.740000,128,B
2011-10-21 08:55:44.624000,156,A
2011-10-21 08:57:01.223000,128,B
2011-10-21 08:57:26.207000,150,B
2011-10-21 08:59:09.657000,1001,A
2011-10-21 09:10:24.090000,1002,A
2011-10-21 09:14:27.990000,132,A
2011-10-21 09:16:54.174000,132,A
2011-10-21 09:17:12.840000,1003,A
2011-10-21 09:17:32.190000,1004,A
2011-10-21 09:17:32.407000,156,A
2011-10-21 09:18:40.007000,150,B
2011-10-21 09:19:43.790000,149,B
2011-10-21 09:22:28.307000,111,A
2011-10-21 09:22:34.473000,111,A
2011-10-21 09:24:16.840000,111,A
2011-10-21 09:24:28.357000,111,A
2011-10-21 09:24:30.524000,111,A
2011-10-21 09:25:29.357000,155,B
2011-10-21 09:36:10.124000,120,B
2011-10-21 09:36:39.790000,120,B
2011-10-21 09:40:50.557000,111,A
2011-10-21 09:44:11.590000,128,B
2011-10-21 10:02:58.640000,204,B
2011-10-21 10:09:53.690000,120,B
2011-10-21 10:09:56.723000,140,B
2011-10-21 10:11:27.757000,112,B
2011-10-21 10:18:04.040000,156,A
2011-10-21 10:27:20.040000,111,A
2011-10-21 10:31:08.940000,140,B
2011-10-21 10:31:18.507000,140,B
2011-10-21 10:32:26.190000,156,A
2011-10-21 10:33:00.190000,140,B
2011-10-21 10:34:16.007000,140,B
2011-10-21 10:36:22.357000,120,B
2011-10-21 10:36:22.374000,140,B
2011-10-21 10:36:30.790000,140,B
2011-10-21 10:37:53.657000,112,B
2011-10-21 10:38:12.240000,140,B
2011-10-21 10:38:33.790000,103,B
2011-10-21 10:38:46.674000,103,B
2011-10-21 10:39:43.490000,103,B
2011-10-21 10:39:55.957000,103,B
2011-10-21 10:42:19.240000,111,A
2011-10-21 10:44:24.573000,103,B
2011-10-21 10:50:34.640000,118,B
2011-10-21 11:29:05.557000,111,A
2011-10-21 11:43:49.624000,111,A
2011-10-21 12:31:56.223000,111,A
2011-10-21 12:46:41.973000,111,A
2011-10-21 13:33:57.707000,111,A
2011-10-21 13:48:33.874000,111,A
2011-10-21 14:36:25.107000,111,A
2011-10-21 14:50:44.590000,111,A
2011-10-21 15:38:55.524000,111,A
2011-10-21 15:53:15.707000,111,A
2011-10-21 16:10:32.990000,204,B
2011-10-21 16:41:42.823000,111,A
2011-10-21 16:55:38.440000,111,A
2011-10-21 17:18:22.557000,118,B
2011-10-21 17:18:22.557000,149,B
2011-10-21 17:18:29.090000,128,B
2011-10-21 17:42:30.807000,149,B
2011-10-21 17:42:57.140000,156,A
2011-10-21 17:44:00.207000,156,A
2011-10-21 17:44:10.457000,111,A
2011-10-21 17:44:40.323000,155,B
2011-10-21 17:44:48.457000,111,A
2011-10-21 17:44:52.657000,111,A
2011-10-21 17:44:57.290000,152,B
2011-10-21 17:45:08.457000,1005,B
2011-10-21 17:45:38.607000,123,B
2011-10-21 17:45:48.723000,129,B
2011-10-21 17:58:42.174000,111,A
2011-10-21 18:07:25.540000,128,B
2011-10-21 18:42:52.823000,118,B
2011-10-21 18:45:46.407000,111,A
2011-10-21 19:00:21.540000,111,A
2011-10-21 19:32:52.157000,129,B
2011-10-21 19:32:52.690000,123,B
2011-10-21 19:33:09.223000,1006,B
2011-10-21 19:33:21.640000,152,B
2011-10-21 19:33:25.640000,157,B
2011-10-21 19:33:45.590000,151,B
2011-10-21 19:33:51.107000,149,B
2011-10-21 19:34:05.024000,128,B
2011-10-21 19:34:05.040000,118,B
2011-10-21 19:47:01.140000,111,A
2011-10-21 20:01:50.657000,111,A
2011-10-21 20:06:30.507000,149,B
2011-10-21 20:06:32.440000,156,A
2011-10-21 20:08:41.557000,156,A
2011-10-21 20:08:54.390000,102,B
2011-10-21 20:08:54.390000,101,B
2011-10-21 20:12:52.640000,209,B
2011-10-21 20:12:54.040000,209,B
2011-10-21 20:30:05.323000,128,B
2011-10-21 20:45:21.573000,111,A
2011-10-21 20:45:27.640000,111,A
2011-10-21 20:45:55.240000,111,A
2011-10-21 20:45:59.657000,111,A
2011-10-21 20:46:24.857000,111,A
2011-10-21 20:47:05.590000,111,A
2011-10-21 20:47:09.040000,111,A
2011-10-21 20:48:02.240000,111,A
2011-10-21 20:48:06.990000,111,A
2011-10-21 20:49:11.540000,152,B
2011-10-21 20:49:23.157000,159,B
2011-10-21 20:49:48.157000,111,A
2011-10-21 20:49:51.090000,111,A
2011-10-21 20:50:15.274000,123,B
2011-10-21 20:50:25.407000,129,B
2011-10-21 21:05:23.090000,118,B
2011-10-21 21:05:35.457000,111,A
2011-10-21 21:10:12.640000,204,B
2011-10-21 21:49:41.540000,111,A
2011-10-21 22:05:20.490000,111,A
2011-10-21 22:30:37.207000,209,B
2011-10-21 22:30:44.040000,209,B
2011-10-21 22:43:21.757000,156,A
2011-10-21 22:44:45.090000,156,A
2011-10-21 22:44:49.223000,151,B
2011-10-21 22:45:59.090000,155,B
2011-10-21 22:46:43.690000,157,B
2011-10-21 22:49:22.723000,111,A
2011-10-21 22:56:25.290000,1007,A
2011-10-21 22:57:00.340000,1008,A
2011-10-21 22:58:06.823000,129,B
2011-10-21 22:58:07.290000,123,B
2011-10-21 23:00:49.723000,159,B
2011-10-21 23:01:09.973000,152,B
2011-10-21 23:01:52.407000,102,B
2011-10-21 23:01:52.407000,101,B
2011-10-21 23:01:57.207000,151,B
2011-10-21 23:02:22.624000,149,B
2011-10-21 23:03:57.374000,111,A
2011-10-21 23:23:41.073000,149,B
2011-10-21 23:33:22.207000,151,B
2011-10-21 23:33:23.090000,101,B
2011-10-21 23:33:23.090000,102,B
2011-10-21 23:33:42.990000,155,B
2011-10-21 23:33:56.274000,111,A
2011-10-21 23:34:00.540000,111,A
2011-10-21 23:34:02.740000,111,A
2011-10-21 23:34:05.924000,111,A
2011-10-21 23:34:15.174000,111,A
2011-10-21 23:34:17.723000,111,A
2011-10-21 23:34:25.340000,111,A
2011-10-21 23:34:27.657000,111,A
2011-10-21 23:35:07.107000,155,B
2011-10-21 23:35:11.823000,152,B
2011-10-21 23:35:22.640000,159,B
2011-10-21 23:35:50.957000,123,B
2011-10-21 23:36:01.090000,129,B
2011-10-21 23:43:53.307000,111,A
2011-10-21 23:58:42.424000,111,A
2011-10-22 00:30:29.690000,129,B
2011-10-22 00:30:30.174000,123,B
2011-10-22 00:30:36.940000,159,B
2011-10-22 00:30:46.640000,152,B
2011-10-22 00:31:08.274000,102,B
2011-10-22 00:31:08.274000,101,B
2011-10-22 00:31:38.390000,156,A
2011-10-22 00:32:53.557000,156,A
2011-10-22 00:34:31.740000,127,A
2011-10-22 00:34:31.740000,207,A
2011-10-22 00:34:50.157000,207,A
2011-10-22 00:34:50.174000,127,A
2011-10-22 00:42:55.640000,111,A
2011-10-22 00:57:37.174000,111,A
2011-10-22 01:43:09.157000,111,A
2011-10-22 01:57:28.924000,111,A
2011-10-22 02:43:25.973000,111,A
2011-10-22 02:57:37.540000,111,A
2011-10-22 03:43:57.223000,111,A
2011-10-22 03:57:58.240000,111,A
2011-10-22 04:44:49.707000,111,A
2011-10-22 04:58:44.823000,111,A
2011-10-22 05:46:16.990000,111,A
2011-10-22 05:59:36.957000,111,A
2011-10-22 06:06:01.907000,204,B
2011-10-22 06:07:52.573000,204,B
2011-10-22 06:10:23.990000,204,B
2011-10-22 06:46:59.890000,111,A
2011-10-22 07:00:51.107000,111,A
2011-10-22 07:48:42.807000,111,A
2011-10-22 08:02:47.190000,111,A
2011-10-22 08:17:22.973000,118,B
2011-10-22 08:17:22.973000,128,B
2011-10-22 08:26:36.607000,152,B
2011-10-22 08:26:49.357000,1009,B
2011-10-22 08:26:59.790000,1010,B
2011-10-22 08:27:11.774000,152,B
2011-10-22 08:48:14.290000,128,B
2011-10-22 08:50:07.490000,111,A
2011-10-22 09:04:30.124000,111,A
2011-10-22 09:22:12.774000,118,B
2011-10-22 09:44:45.107000,155,B
2011-10-22 09:45:35.590000,111,A
2011-10-22 09:45:39.190000,111,A
2011-10-22 09:50:32.257000,111,A
2011-10-22 09:51:10.624000,211,B
2011-10-22 09:52:52.240000,211,B
2011-10-22 09:58:17.823000,211,B
2011-10-22 10:00:02.040000,211,B
2011-10-22 10:00:53.290000,211,B
2011-10-22 10:02:18.240000,211,B
2011-10-22 10:03:07.840000,211,B
2011-10-22 10:04:44.973000,211,B
2011-10-22 10:05:19.323000,111,A
2011-10-22 10:05:32.323000,211,B
2011-10-22 10:07:10.674000,211,B
2011-10-22 10:07:59.340000,211,B
2011-10-22 10:09:42.874000,211,B
2011-10-22 10:10:31.207000,211,B
2011-10-22 10:12:14.407000,211,B
2011-10-22 10:13:01.823000,211,B
2011-10-22 10:14:47.723000,211,B
2011-10-22 10:15:33.690000,211,B
2011-10-22 10:17:20.607000,211,B
2011-10-22 10:18:07.890000,211,B
2011-10-22 10:19:49.707000,211,B
2011-10-22 10:19:55.907000,211,B
2011-10-22 10:50:38.374000,111,A
2011-10-22 10:51:13.907000,155,B
2011-10-22 10:51:17.790000,211,B
2011-10-22 10:52:14.990000,103,B
2011-10-22 10:52:27.840000,103,B
2011-10-22 10:54:05.057000,103,B
2011-10-22 10:54:17.524000,103,B
2011-10-22 10:58:46.140000,103,B
2011-10-22 11:06:25.340000,111,A
2011-10-22 11:12:22.340000,155,B
2011-10-22 11:12:31.057000,112,B
2011-10-22 11:12:49.657000,211,B
2011-10-22 11:12:49.707000,120,B
2011-10-22 11:12:57.573000,140,B
2011-10-22 11:22:08.540000,211,B
2011-10-22 11:22:58.890000,211,B
2011-10-22 11:23:12.174000,140,B
2011-10-22 11:23:21.973000,140,B
2011-10-22 11:24:02.223000,211,B
2011-10-22 11:24:34.157000,209,B
2011-10-22 11:24:59.157000,211,B
2011-10-22 11:25:06.973000,140,B
2011-10-22 11:25:18.857000,209,B
2011-10-22 11:25:59.257000,211,B
2011-10-22 11:26:20.157000,211,B
2011-10-22 11:27:30.557000,149,B
2011-10-22 11:27:33.040000,118,B
2011-10-22 11:27:36.957000,128,B
2011-10-22 11:28:18.973000,140,B
2011-10-22 11:29:44.590000,211,B
2011-10-22 11:30:30.407000,211,B
2011-10-22 11:31:49.090000,211,B
2011-10-22 11:32:37.107000,211,B
2011-10-22 11:33:50.323000,211,B
2011-10-22 11:34:43.257000,211,B
2011-10-22 11:35:54.424000,211,B
2011-10-22 11:36:50.657000,211,B
2011-10-22 11:38:01.540000,211,B
2011-10-22 11:38:55.774000,211,B
2011-10-22 11:40:02.990000,211,B
2011-10-22 11:41:02.473000,211,B
2011-10-22 11:42:10.090000,211,B
2011-10-22 11:43:07.640000,211,B
2011-10-22 11:44:15.840000,211,B
2011-10-22 11:45:15.940000,211,B
2011-10-22 11:46:21.357000,211,B
2011-10-22 11:47:22.774000,211,B
2011-10-22 11:48:29.740000,211,B
2011-10-22 11:49:30.107000,211,B
2011-10-22 11:50:05.924000,1200,A
2011-10-22 11:50:09.024000,1201,A
2011-10-22 11:50:09.223000,156,A
2011-10-22 11:50:12.707000,111,A
2011-10-22 11:50:31.207000,211,B
2011-10-22 11:51:32.607000,211,B
2011-10-22 11:52:02.607000,156,A
2011-10-22 11:52:35.057000,211,B
2011-10-22 11:53:35.823000,211,B
2011-10-22 11:54:36.924000,211,B
2011-10-22 11:55:35.040000,211,B
2011-10-22 11:56:37.424000,211,B
2011-10-22 11:57:40.524000,211,B
2011-10-22 11:58:42.207000,211,B
2011-10-22 11:59:45.973000,211,B
2011-10-22 12:00:49.323000,211,B
2011-10-22 12:01:51.657000,211,B
2011-10-22 12:02:53.457000,211,B
2011-10-22 12:03:56.124000,211,B
2011-10-22 12:05:00.140000,211,B
2011-10-22 12:06:01.573000,211,B
2011-10-22 12:07:04.640000,211,B
2011-10-22 12:08:09.957000,211,B
2011-10-22 12:09:10.407000,211,B
2011-10-22 12:10:13.840000,211,B
2011-10-22 12:11:14.540000,211,B
2011-10-22 12:12:19.240000,211,B
2011-10-22 12:13:22.973000,211,B
2011-10-22 12:14:31.907000,211,B
2011-10-22 12:15:34.290000,211,B
2011-10-22 12:16:15.990000,111,A
2011-10-22 12:16:39.607000,211,B
2011-10-22 12:17:57.374000,211,B
2011-10-22 12:19:09.223000,211,B
2011-10-22 12:20:06.007000,211,B
2011-10-22 12:21:12.740000,211,B
2011-10-22 12:21:15.340000,111,A
2011-10-22 12:22:11.823000,211,B
2011-10-22 12:23:01.524000,211,B
2011-10-22 12:24:10.440000,211,B
2011-10-22 12:24:31.190000,152,B
2011-10-22 12:25:07.524000,210,B
2011-10-22 12:25:20.924000,210,B
2011-10-22 12:25:30.157000,211,B
2011-10-22 12:26:27.657000,211,B
2011-10-22 12:27:34.257000,211,B
2011-10-22 12:28:04.707000,210,B
2011-10-22 12:28:08.690000,210,B
2011-10-22 12:28:33.057000,211,B
2011-10-22 12:28:45.207000,210,B
2011-10-22 12:29:05.723000,210,B
2011-10-22 12:29:07.774000,210,B
2011-10-22 12:29:41.707000,211,B
2011-10-22 12:30:08.807000,210,B
2011-10-22 12:30:25.690000,210,B
2011-10-22 12:30:38.057000,103,B
2011-10-22 12:30:38.057000,207,A
2011-10-22 12:30:43.690000,211,B
2011-10-22 12:31:07.940000,210,B
2011-10-22 12:31:53.607000,211,B
2011-10-22 12:32:11.390000,140,B
2011-10-22 12:32:21.157000,140,B
2011-10-22 12:32:53.424000,211,B
2011-10-22 12:33:59.740000,211,B
2011-10-22 12:34:03.223000,140,B
2011-10-22 12:35:00.823000,211,B
2011-10-22 12:36:10.457000,211,B
2011-10-22 12:37:11.107000,211,B
2011-10-22 12:38:07.723000,210,B
2011-10-22 12:38:18.424000,211,B
2011-10-22 12:39:17.223000,211,B
2011-10-22 12:40:24.573000,211,B
2011-10-22 12:41:04.957000,210,B
2011-10-22 12:41:08.823000,210,B
2011-10-22 12:41:23.690000,211,B
2011-10-22 12:41:48.507000,210,B
2011-10-22 12:42:30.990000,211,B
2011-10-22 12:43:05.057000,210,B
2011-10-22 12:43:31.140000,211,B
2011-10-22 12:44:07.840000,210,B
2011-10-22 12:44:09.740000,103,B
2011-10-22 12:44:09.740000,207,A
2011-10-22 12:44:27.840000,210,B
2011-10-22 12:44:43.340000,211,B
2011-10-22 12:44:48.007000,1011,A
2011-10-22 12:45:27.857000,1012,A
2011-10-22 12:45:42.140000,211,B
2011-10-22 12:45:52.257000,211,B
2011-10-22 12:46:14.440000,211,B
2011-10-22 12:46:26.407000,128,B
2011-10-22 12:46:48.457000,211,B
2011-10-22 12:47:02.840000,204,B
2011-10-22 12:47:04.973000,210,B
2011-10-22 12:47:09.007000,210,B
2011-10-22 12:47:44.424000,210,B
2011-10-22 12:48:05.090000,210,B
2011-10-22 12:48:53.240000,211,B
2011-10-22 12:49:07.924000,210,B
2011-10-22 12:49:25.607000,210,B
2011-10-22 12:50:08.323000,210,B
2011-10-22 12:50:54.774000,211,B
2011-10-22 12:51:09.024000,210,B
2011-10-22 12:51:44.757000,211,B
2011-10-22 12:52:59.524000,211,B
2011-10-22 12:53:05.223000,210,B
2011-10-22 12:53:08.840000,210,B
2011-10-22 12:53:45.557000,210,B
2011-10-22 12:53:54.723000,211,B
2011-10-22 12:54:13.307000,211,B
2011-10-22 12:54:33.157000,1013,A
2011-10-22 12:54:54.524000,211,B
2011-10-22 12:55:06.707000,210,B
2011-10-22 12:55:08.857000,210,B
2011-10-22 12:55:55.940000,156,A
2011-10-22 12:56:01.024000,1014,A
2011-10-22 12:56:21.223000,210,B
2011-10-22 12:56:22.390000,211,B
2011-10-22 12:57:16.907000,211,B
2011-10-22 12:58:33.040000,211,B
2011-10-22 12:59:28.924000,211,B
2011-10-22 13:00:45.374000,211,B
2011-10-22 13:00:49.590000,128,B
2011-10-22 13:01:43.524000,211,B
2011-10-22 13:02:53.757000,211,B
2011-10-22 13:03:47.940000,211,B
2011-10-22 13:04:08.840000,140,B
2011-10-22 13:04:18.473000,140,B
2011-10-22 13:04:59.874000,211,B
2011-10-22 13:05:55.757000,211,B
2011-10-22 13:06:00.124000,140,B
2011-10-22 13:06:57.957000,156,A
2011-10-22 13:07:07.607000,211,B
2011-10-22 13:08:01.857000,211,B
2011-10-22 13:08:36.557000,140,B
2011-10-22 13:09:12.674000,211,B
2011-10-22 13:10:07.540000,211,B
2011-10-22 13:10:24.124000,150,B
2011-10-22 13:11:20.740000,211,B
2011-10-22 13:12:17.323000,211,B
2011-10-22 13:12:33.490000,150,B
2011-10-22 13:13:31.124000,211,B
2011-10-22 13:13:48.924000,149,B
2011-10-22 13:14:27.624000,211,B
2011-10-22 13:15:25.857000,112,B
2011-10-22 13:15:38.907000,152,B
2011-10-22 13:16:22.007000,155,B
2011-10-22 13:20:33.840000,111,A
2011-10-22 13:23:44.740000,140,B
2011-10-22 13:23:54.524000,140,B
2011-10-22 13:25:36.307000,140,B
2011-10-22 13:38:06.540000,128,B
2011-10-22 13:52:20.174000,111,A
2011-10-22 14:13:10.524000,111,A
2011-10-22 14:13:29.690000,118,B
2011-10-22 14:38:53.840000,155,B
2011-10-22 14:39:01.524000,211,B
2011-10-22 14:40:41.073000,118,B
2011-10-22 14:40:44.940000,128,B
2011-10-22 14:44:00.940000,211,B
2011-10-22 14:44:03.290000,211,B
2011-10-22 14:48:26.240000,111,A
2011-10-22 14:55:46.223000,211,B
2011-10-22 14:56:20.240000,152,B
2011-10-22 14:56:39.357000,123,B
2011-10-22 14:56:49.473000,129,B
2011-10-22 14:56:52.740000,211,B
2011-10-22 14:57:36.857000,211,B
2011-10-22 14:58:40.557000,211,B
2011-10-22 14:59:35.174000,211,B
2011-10-22 15:00:32.957000,211,B
2011-10-22 15:01:28.874000,211,B
2011-10-22 15:02:22.457000,211,B
2011-10-22 15:03:19.540000,211,B
2011-10-22 15:04:15.157000,211,B
2011-10-22 15:05:11.973000,211,B
2011-10-22 15:06:08.157000,211,B
2011-10-22 15:06:09.940000,111,A
2011-10-22 15:07:03.040000,211,B
2011-10-22 15:07:53.307000,128,B
2011-10-22 15:08:00.874000,211,B
2011-10-22 15:08:57.674000,211,B
2011-10-22 15:09:57.507000,211,B
2011-10-22 15:10:53.407000,211,B
2011-10-22 15:11:50.907000,211,B
2011-10-22 15:12:46.124000,211,B
2011-10-22 15:13:47.557000,211,B
2011-10-22 15:14:43.407000,211,B
2011-10-22 15:15:44.757000,211,B
2011-10-22 15:16:37.674000,211,B
2011-10-22 15:17:37.874000,211,B
2011-10-22 15:18:31.073000,211,B
2011-10-22 15:19:35.490000,211,B
2011-10-22 15:20:30.374000,211,B
2011-10-22 15:21:34.390000,211,B
2011-10-22 15:22:27.940000,211,B
2011-10-22 15:24:22.924000,211,B
2011-10-22 15:25:26.957000,211,B
2011-10-22 15:26:19.840000,211,B
2011-10-22 15:27:25.874000,211,B
2011-10-22 15:28:17.774000,211,B
2011-10-22 15:29:21.807000,211,B
2011-10-22 15:30:12.124000,211,B
2011-10-22 15:31:18.157000,211,B
2011-10-22 15:32:10.057000,211,B
2011-10-22 15:33:15.757000,211,B
2011-10-22 15:34:05.790000,211,B
2011-10-22 15:35:12.107000,211,B
2011-10-22 15:35:57.890000,211,B
2011-10-22 15:42:42.223000,111,A
2011-10-22 15:43:14.140000,118,B
2011-10-22 15:54:49.274000,155,B
2011-10-22 15:56:06.240000,140,B
2011-10-22 15:59:39.207000,111,A
2011-10-22 16:05:27.007000,140,B
2011-10-22 16:05:36.690000,140,B
2011-10-22 16:07:18.040000,140,B
2011-10-22 16:36:21.640000,111,A
2011-10-22 16:52:50.407000,111,A
2011-10-22 16:58:49.107000,129,B
2011-10-22 16:58:49.607000,123,B
2011-10-22 16:59:27.240000,152,B
2011-10-22 16:59:31.190000,155,B
2011-10-22 17:12:15.990000,1015,A
2011-10-22 17:13:02.157000,1016,A
2011-10-22 17:30:22.490000,111,A
2011-10-22 17:38:56.240000,152,B
2011-10-22 17:46:02.757000,111,A
2011-10-22 17:58:57.757000,112,B
2011-10-22 17:59:25.124000,118,B
2011-10-22 17:59:29.024000,128,B
2011-10-22 18:09:42.440000,157,B
2011-10-22 18:22:11.374000,111,A
2011-10-22 18:22:35.157000,111,A
2011-10-22 18:23:13.090000,111,A
2011-10-22 18:27:43.323000,127,A
2011-10-22 18:27:43.323000,207,A
2011-10-22 18:28:02.190000,127,A
2011-10-22 18:28:02.207000,207,A
2011-10-22 18:31:02.040000,128,B
2011-10-22 18:31:04.774000,209,B
2011-10-22 18:31:15.407000,209,B
2011-10-22 18:32:21.624000,209,B
2011-10-22 18:32:24.174000,209,B
2011-10-22 18:35:32.190000,209,B
2011-10-22 18:35:33.557000,209,B
2011-10-22 18:36:00.424000,209,B
2011-10-22 18:36:03.040000,209,B
2011-10-22 18:36:37.657000,209,B
2011-10-22 18:36:41.307000,209,B
2011-10-22 18:40:12.107000,111,A
2011-10-22 18:40:17.707000,111,A
2011-10-22 18:40:22.607000,111,A
2011-10-22 18:55:17.223000,101,B
2011-10-22 18:55:17.223000,102,B
2011-10-22 18:55:30.157000,151,B
2011-10-22 18:55:34.657000,149,B
2011-10-22 18:55:45.757000,128,B
2011-10-22 19:05:42.290000,150,B
2011-10-22 19:06:12.090000,156,A
2011-10-22 19:07:15.973000,1017,A
2011-10-22 19:15:01.790000,111,A
2011-10-22 19:18:51.757000,1018,A
2011-10-22 19:18:57.357000,156,A
2011-10-22 19:21:43.090000,149,B
2011-10-22 19:21:48.440000,150,B
2011-10-22 19:30:40.924000,111,A
2011-10-22 19:34:17.874000,111,A
2011-10-22 19:34:23.557000,111,A
2011-10-22 19:35:51.607000,149,B
2011-10-22 19:36:07.807000,120,B
2011-10-22 19:36:13.407000,140,B
2011-10-22 19:42:01.957000,211,B
2011-10-22 19:45:03.207000,211,B
2011-10-22 19:45:05.007000,211,B
2011-10-22 19:47:08.457000,111,A
2011-10-22 19:47:16.624000,111,A
2011-10-22 19:50:02.990000,211,B
2011-10-22 19:51:27.590000,111,A
2011-10-22 19:51:45.407000,111,A
2011-10-22 19:51:57.307000,211,B
2011-10-22 19:51:59.040000,211,B
2011-10-22 19:52:10.057000,211,B
2011-10-22 19:52:27.207000,211,B
2011-10-22 19:52:28.723000,211,B
2011-10-22 19:52:40.057000,211,B
2011-10-22 19:52:42.223000,211,B
2011-10-22 19:52:42.957000,211,B
2011-10-22 19:52:52.057000,211,B
2011-10-22 19:53:12.223000,211,B
2011-10-22 19:53:13.757000,211,B
2011-10-22 19:53:22.073000,211,B
2011-10-22 19:53:27.223000,211,B
2011-10-22 19:53:28.374000,211,B
2011-10-22 19:53:31.073000,211,B
2011-10-22 19:53:57.240000,211,B
2011-10-22 19:53:58.840000,211,B
2011-10-22 19:54:01.073000,211,B
2011-10-22 19:54:16.090000,211,B
2011-10-22 19:54:59.690000,211,B
2011-10-22 19:55:53.073000,211,B
2011-10-22 19:56:46.973000,211,B
2011-10-22 19:57:44.757000,211,B
2011-10-22 19:58:34.790000,211,B
2011-10-22 19:59:09.707000,111,A
2011-10-22 19:59:34.907000,211,B
2011-10-22 20:00:24.207000,211,B
2011-10-22 20:01:10.357000,211,B
2011-10-22 20:01:58.657000,211,B
2011-10-22 20:02:05.940000,111,A
2011-10-22 20:02:19.674000,111,A
2011-10-22 20:02:20.674000,111,A
2011-10-22 20:02:37.040000,111,A
2011-10-22 20:03:00.090000,211,B
2011-10-22 20:03:01.223000,111,A
2011-10-22 20:03:04.140000,111,A
2011-10-22 20:04:15.924000,211,B
2011-10-22 20:05:03.073000,156,A
2011-10-22 20:05:35.323000,211,B
2011-10-22 20:05:54.690000,156,A
2011-10-22 20:06:20.390000,211,B
2011-10-22 20:07:31.290000,211,B
2011-10-22 20:09:39.040000,211,B
2011-10-22 20:10:42.024000,1027,B
2011-10-22 20:11:53.240000,211,B
2011-10-22 20:12:34.140000,211,B
2011-10-22 20:14:03.024000,211,B
2011-10-22 20:14:36.174000,140,B
2011-10-22 20:14:45.857000,140,B
2011-10-22 20:15:04.024000,211,B
2011-10-22 20:16:18.274000,211,B
2011-10-22 20:16:27.340000,140,B
2011-10-22 20:17:39.573000,211,B
2011-10-22 20:19:27.890000,1028,B
2011-10-22 20:20:15.907000,111,A
2011-10-22 20:20:20.223000,111,A
2011-10-22 20:31:54.207000,111,A
2011-10-22 20:32:21.257000,128,B
2011-10-22 20:34:31.107000,111,A
2011-10-22 20:34:35.823000,111,A
2011-10-22 20:35:06.857000,209,B
2011-10-22 20:35:28.057000,209,B
2011-10-22 20:35:59.040000,140,B
2011-10-22 20:37:11.857000,211,B
2011-10-22 20:42:15.257000,128,B
2011-10-22 20:44:12.807000,1029,B
2011-10-22 20:50:37.524000,1019,A
2011-10-22 20:50:49.223000,1020,A
2011-10-22 20:52:15.890000,140,B
2011-10-22 20:52:25.624000,140,B
2011-10-22 20:54:07.190000,140,B
2011-10-22 21:02:57.140000,111,A
2011-10-22 21:05:00.240000,149,B
2011-10-22 21:05:02.124000,156,A
2011-10-22 21:05:06.674000,1021,A
2011-10-22 21:06:22.740000,1030,B
2011-10-22 21:06:57.490000,1022,A
2011-10-22 21:07:04.674000,156,A
2011-10-22 21:07:50.007000,149,B
2011-10-22 21:08:37.924000,1031,B
2011-10-22 21:08:49.307000,1032,B
2011-10-22 21:09:02.190000,152,B
2011-10-22 21:09:33.340000,147,A
2011-10-22 21:09:33.340000,207,A
2011-10-22 21:09:35.674000,204,B
2011-10-22 21:11:19.807000,152,B
2011-10-22 21:11:28.840000,1033,B
2011-10-22 21:13:23.857000,1034,B
2011-10-22 21:15:13.907000,156,A
2011-10-22 21:17:26.690000,156,A
2011-10-22 21:18:05.624000,1035,B
2011-10-22 21:19:39.207000,1036,B
2011-10-22 21:20:08.874000,150,B
2011-10-22 21:21:54.057000,1037,B
2011-10-22 21:22:14.057000,111,A
2011-10-22 21:26:59.124000,150,B
2011-10-22 21:28:18.540000,149,B
2011-10-22 21:28:19.723000,156,A
2011-10-22 21:30:57.157000,128,B
2011-10-22 21:31:26.573000,156,A
2011-10-22 21:31:45.490000,151,B
2011-10-22 21:36:27.124000,1023,A
2011-10-22 21:37:07.924000,1024,A
2011-10-22 21:42:09.790000,149,B
2011-10-22 21:42:57.040000,149,B
2011-10-22 21:43:35.190000,156,A
2011-10-22 21:43:55.557000,156,A
2011-10-22 21:45:03.307000,155,B
2011-10-22 21:51:30.290000,1025,A
2011-10-22 21:56:47.807000,111,A
2011-10-22 21:59:41.407000,1026,A
2011-10-22 22:01:50.207000,1038,B
2011-10-22 22:02:09.707000,152,B
2011-10-22 22:02:11.174000,155,B
2011-10-22 22:02:21.674000,155,B
2011-10-22 22:02:23.640000,157,B
2011-10-22 22:02:35.090000,151,B
2011-10-22 22:02:39.157000,149,B
2011-10-22 22:04:37.707000,155,B
2011-10-22 22:04:55.024000,155,B
2011-10-22 22:05:20.374000,156,A
2011-10-22 22:05:45.207000,156,A
2011-10-22 22:05:53.540000,140,B
2011-10-22 22:12:20.007000,204,B
2011-10-22 22:14:15.107000,111,A
2011-10-22 22:18:49.124000,156,A
2011-10-22 22:19:13.290000,156,A
2011-10-22 22:27:04.957000,118,B
2011-10-22 22:50:29.140000,111,A
2011-10-22 23:06:36.624000,111,A
2011-10-22 23:06:48.524000,156,A
2011-10-22 23:07:11.290000,156,A
2011-10-22 23:07:47.457000,155,B
2011-10-22 23:08:21.223000,155,B
2011-10-22 23:08:24.990000,1043,B
2011-10-22 23:08:35.807000,1044,B
2011-10-22 23:10:52.490000,1045,B
2011-10-22 23:11:05.607000,1046,B
2011-10-22 23:23:31.607000,1047,B
2011-10-22 23:23:40.473000,1048,B
2011-10-22 23:27:42.374000,1039,A
2011-10-22 23:27:52.240000,1040,A
2011-10-22 23:33:04.040000,140,B
2011-10-22 23:33:13.823000,140,B
2011-10-22 23:34:19.140000,1049,B
2011-10-22 23:34:30.723000,1041,A
2011-10-22 23:34:55.490000,140,B
2011-10-22 23:34:55.957000,1042,A
2011-10-22 23:35:01.057000,1050,B
2011-10-22 23:35:09.557000,1051,B
2011-10-22 23:35:22.257000,1052,B
2011-10-22 23:35:51.290000,140,B
2011-10-22 23:44:25.774000,111,A
2011-10-22 23:59:56.807000,111,A
2011-10-23 00:39:44.323000,111,A
2011-10-23 00:54:31.390000,111,A
2011-10-23 01:02:08.057000,152,B
2011-10-23 01:02:18.840000,1057,B
2011-10-23 01:06:45.890000,1058,B
2011-10-23 01:07:39.624000,1059,B
2011-10-23 01:09:15.024000,1060,B
2011-10-23 01:09:33.890000,1061,B
2011-10-23 01:10:09.690000,1062,B
2011-10-23 01:11:20.290000,140,B
2011-10-23 01:11:30.057000,140,B
2011-10-23 01:12:32.190000,1063,B
2011-10-23 01:13:11.457000,140,B
2011-10-23 01:14:14.807000,1064,B
2011-10-23 01:14:28.774000,1065,B
2011-10-23 01:14:43.757000,1066,B
2011-10-23 01:15:12.207000,1067,B
2011-10-23 01:16:21.807000,1068,B
2011-10-23 01:16:34.823000,1069,B
2011-10-23 01:16:56.540000,1070,B
2011-10-23 01:24:27.690000,1071,B
2011-10-23 01:25:03.274000,1072,B
2011-10-23 01:25:14.323000,1073,B
2011-10-23 01:25:21.290000,1074,B
2011-10-23 01:25:35.890000,1075,B
2011-10-23 01:26:05.973000,1076,B
2011-10-23 01:26:14.357000,1077,B
2011-10-23 01:26:24.257000,1078,B
2011-10-23 01:26:46.190000,152,B
2011-10-23 01:27:42.323000,140,B
2011-10-23 01:30:16.540000,157,B
2011-10-23 01:30:58.307000,157,B
2011-10-23 01:35:06.840000,111,A
2011-10-23 01:45:44.257000,147,A
2011-10-23 01:45:44.257000,207,A
2011-10-23 01:46:20.007000,101,B
2011-10-23 01:46:20.007000,102,B
2011-10-23 01:49:24.157000,111,A
2011-10-23 02:31:51.307000,111,A
2011-10-23 02:45:53.174000,111,A
2011-10-23 02:48:13.557000,140,B
2011-10-23 02:48:20.590000,140,B
2011-10-23 02:48:47.140000,149,B
2011-10-23 02:49:05.190000,157,B
2011-10-23 02:49:13.390000,152,B
2011-10-23 02:49:23.640000,1079,B
2011-10-23 02:50:33.557000,140,B
2011-10-23 02:50:49.690000,1053,A
2011-10-23 02:51:02.740000,1054,A
2011-10-23 02:58:02.740000,1080,B
2011-10-23 02:58:18.740000,152,B
2011-10-23 02:58:22.924000,157,B
2011-10-23 02:58:52.707000,156,A
2011-10-23 02:58:52.723000,1055,A
2011-10-23 02:59:57.990000,1056,A
2011-10-23 03:00:48.657000,156,A
2011-10-23 03:01:01.040000,151,B
2011-10-23 03:28:41.374000,111,A
2011-10-23 03:42:29.124000,111,A
2011-10-23 04:27:08.457000,111,A
2011-10-23 04:40:45.707000,111,A
2011-10-23 05:26:15.390000,111,A
2011-10-23 05:39:44.690000,111,A
2011-10-23 06:06:12.090000,204,B
2011-10-23 06:07:52.090000,204,B
2011-10-23 06:10:32.723000,204,B
2011-10-23 06:25:54.774000,111,A
2011-10-23 06:39:03.073000,111,A
2011-10-23 06:49:16.857000,120,B
2011-10-23 06:49:46.807000,120,B
2011-10-23 07:25:20.573000,111,A
2011-10-23 07:38:46.674000,111,A
2011-10-23 08:22:17.024000,118,B
2011-10-23 08:22:21.024000,128,B
2011-10-23 08:25:02.540000,111,A
2011-10-23 08:33:41.657000,155,B
2011-10-23 08:34:02.890000,108,A
2011-10-23 08:36:04.374000,108,A
2011-10-23 08:36:26.874000,155,B
2011-10-23 08:36:28.440000,152,B
2011-10-23 08:36:43.973000,159,B
2011-10-23 08:36:51.790000,123,B
2011-10-23 08:37:01.907000,129,B
2011-10-23 08:38:30.274000,111,A
2011-10-23 08:49:45.323000,120,B
2011-10-23 08:50:14.740000,120,B
2011-10-23 08:58:15.640000,128,B
2011-10-23 09:23:54.557000,111,A
2011-10-23 09:33:35.174000,118,B
2011-10-23 09:37:36.407000,111,A
2011-10-23 10:04:42.807000,127,A
2011-10-23 10:04:42.807000,207,A
2011-10-23 10:05:01.573000,207,A
2011-10-23 10:05:01.590000,127,A
2011-10-23 10:18:35.124000,1083,B
2011-10-23 10:18:47.924000,1084,B
2011-10-23 10:22:33.624000,111,A
2011-10-23 10:24:18.540000,148,A
2011-10-23 10:26:27.090000,148,A
2011-10-23 10:27:29.290000,103,B
2011-10-23 10:27:42.107000,103,B
2011-10-23 10:28:12.157000,103,B
2011-10-23 10:28:24.657000,103,B
2011-10-23 10:29:26.557000,1081,A
2011-10-23 10:30:13.007000,1082,A
2011-10-23 10:32:07.207000,148,A
2011-10-23 10:32:53.290000,103,B
2011-10-23 10:34:28.857000,148,A
2011-10-23 10:36:22.774000,111,A
2011-10-23 10:44:01.924000,120,B
2011-10-23 10:44:04.757000,140,B
2011-10-23 11:00:38.640000,129,B
2011-10-23 11:00:39.140000,123,B
2011-10-23 11:00:54.407000,159,B
2011-10-23 11:01:08.323000,152,B
2011-10-23 11:01:47.323000,118,B
2011-10-23 11:01:51.090000,128,B
2011-10-23 11:18:52.407000,156,A
2011-10-23 11:20:55.540000,111,A
2011-10-23 11:34:19.240000,156,A
2011-10-23 11:35:01.490000,111,A
2011-10-23 11:44:35.507000,156,A
2011-10-23 11:49:35.290000,140,B
2011-10-23 11:49:45.157000,140,B
2011-10-23 11:50:41.257000,156,A
2011-10-23 11:51:29.290000,140,B
2011-10-23 11:53:15.557000,140,B
2011-10-23 12:03:21.340000,140,B
2011-10-23 12:03:31.190000,140,B
2011-10-23 12:05:12.857000,140,B
2011-10-23 12:18:05.524000,128,B
2011-10-23 12:19:08.674000,111,A
2011-10-23 12:33:22.840000,111,A
2011-10-23 12:39:04.124000,204,B
2011-10-23 12:58:02.190000,1085,A
2011-10-23 12:59:54.040000,140,B
2011-10-23 13:00:54.174000,1086,A
2011-10-23 13:02:25.407000,140,B
2011-10-23 13:02:35.190000,140,B
2011-10-23 13:02:58.323000,140,B
2011-10-23 13:04:06.774000,128,B
2011-10-23 13:17:02.157000,111,A
2011-10-23 13:21:25.940000,140,B
2011-10-23 13:21:35.774000,140,B
2011-10-23 13:23:17.257000,140,B
2011-10-23 13:23:35.240000,120,B
2011-10-23 13:31:26.073000,111,A
2011-10-23 13:36:34.024000,128,B
2011-10-23 14:11:51.240000,118,B
2011-10-23 14:15:02.573000,111,A
2011-10-23 14:29:30.390000,111,A
2011-10-23 15:13:10.457000,111,A
2011-10-23 15:27:36.907000,111,A
2011-10-23 16:11:28.157000,111,A
2011-10-23 16:15:11.624000,111,A
2011-10-23 16:18:29.307000,120,B
2011-10-23 16:18:32.640000,140,B
2011-10-23 16:18:52.524000,140,B
2011-10-23 16:19:01.940000,152,B
2011-10-23 16:19:01.957000,140,B
2011-10-23 16:20:00.424000,123,B
2011-10-23 16:20:10.540000,129,B
2011-10-23 16:30:50.424000,140,B
2011-10-23 16:31:00.174000,140,B
2011-10-23 16:31:56.674000,111,A
2011-10-23 16:32:41.640000,140,B
2011-10-23 16:33:20.357000,155,B
2011-10-23 16:33:58.723000,211,B
2011-10-23 16:34:02.973000,211,B
2011-10-23 16:34:04.973000,211,B
2011-10-23 16:34:06.740000,211,B
2011-10-23 16:34:12.740000,111,A
2011-10-23 16:34:21.973000,111,A
2011-10-23 16:36:09.723000,211,B
2011-10-23 16:36:12.957000,211,B
2011-10-23 16:36:15.274000,211,B
2011-10-23 16:36:30.457000,155,B
2011-10-23 16:36:55.973000,111,A
2011-10-23 17:27:03.957000,111,A
2011-10-23 17:36:36.457000,155,B
2011-10-23 17:37:10.057000,1087,A
2011-10-23 17:37:54.857000,1088,A
2011-10-23 17:39:07.040000,111,A
2011-10-23 17:39:11.707000,111,A
2011-10-23 17:41:02.424000,111,A
2011-10-23 17:41:06.073000,111,A
2011-10-23 17:41:10.690000,211,B
2011-10-23 17:41:13.807000,211,B
2011-10-23 17:41:14.590000,211,B
2011-10-23 17:41:16.340000,211,B
2011-10-23 17:41:16.823000,111,A
2011-10-23 17:41:25.957000,111,A
2011-10-23 17:41:27.957000,111,A
2011-10-23 17:41:32.557000,111,A
2011-10-23 17:42:14.290000,211,B
2011-10-23 17:42:17.340000,211,B
2011-10-23 17:42:21.007000,211,B
2011-10-23 17:42:24.540000,155,B
2011-10-23 17:42:35.674000,159,B
2011-10-23 17:57:46.557000,111,A
2011-10-23 18:17:20.640000,111,A
2011-10-23 18:19:17.790000,156,A
2011-10-23 18:19:52.940000,156,A
2011-10-23 18:19:56.457000,158,A
2011-10-23 18:20:42.290000,158,A
2011-10-23 18:20:50.924000,118,B
2011-10-23 18:20:54.690000,128,B
2011-10-23 18:46:17.857000,128,B
2011-10-23 18:56:52.374000,111,A
2011-10-23 19:13:20.107000,111,A
2011-10-23 19:21:40.240000,118,B
2011-10-23 19:54:45.874000,111,A
2011-10-23 19:55:49.257000,155,B
2011-10-23 19:55:52.473000,111,A
2011-10-23 19:55:57.590000,111,A
2011-10-23 19:56:08.124000,157,B
2011-10-23 19:56:16.640000,102,B
2011-10-23 19:56:16.707000,101,B
2011-10-23 19:56:51.073000,157,B
2011-10-23 20:04:55.240000,149,B
2011-10-23 20:05:00.040000,151,B
2011-10-23 20:05:06.307000,140,B
2011-10-23 20:06:46.290000,149,B
2011-10-23 20:07:05.307000,157,B
2011-10-23 20:07:33.390000,147,A
2011-10-23 20:07:33.407000,207,A
2011-10-23 20:08:22.140000,207,A
2011-10-23 20:08:22.157000,147,A
2011-10-23 20:10:04.740000,209,B
2011-10-23 20:10:14.223000,209,B
2011-10-23 20:10:36.374000,209,B
2011-10-23 20:10:52.757000,209,B
2011-10-23 20:11:21.674000,111,A
2011-10-23 20:12:34.223000,129,B
2011-10-23 20:12:34.740000,123,B
2011-10-23 20:13:02.807000,159,B
2011-10-23 20:13:43.157000,210,B
2011-10-23 20:14:02.640000,209,B
2011-10-23 20:14:06.640000,209,B
2011-10-23 20:16:29.107000,140,B
2011-10-23 20:16:38.890000,140,B
2011-10-23 20:17:05.024000,210,B
2011-10-23 20:18:20.524000,140,B
2011-10-23 20:27:33.207000,209,B
2011-10-23 20:27:46.757000,209,B
2011-10-23 20:30:36.440000,149,B
2011-10-23 20:30:36.457000,118,B
2011-10-23 20:30:38.957000,128,B
2011-10-23 20:32:51.973000,140,B
2011-10-23 20:35:41.723000,131,B
2011-10-23 20:35:49.290000,131,B
2011-10-23 20:35:49.790000,131,B
2011-10-23 20:35:51.174000,131,B
2011-10-23 20:35:52.973000,131,B
2011-10-23 20:35:56.257000,131,B
2011-10-23 20:35:57.973000,131,B
2011-10-23 20:36:01.073000,131,B
2011-10-23 20:36:02.540000,131,B
2011-10-23 20:36:05.007000,131,B
2011-10-23 20:36:06.990000,131,B
2011-10-23 20:36:09.857000,131,B
2011-10-23 20:36:11.490000,131,B
2011-10-23 20:36:13.590000,131,B
2011-10-23 20:36:15.823000,131,B
2011-10-23 20:36:18.424000,131,B
2011-10-23 20:36:20.240000,131,B
2011-10-23 20:36:22.257000,131,B
2011-10-23 20:36:24.757000,131,B
2011-10-23 20:36:27.207000,131,B
2011-10-23 20:36:29.240000,131,B
2011-10-23 20:36:31.124000,131,B
2011-10-23 20:36:33.790000,131,B
2011-10-23 20:36:36.124000,131,B
2011-10-23 20:36:38.274000,131,B
2011-10-23 20:36:40.040000,131,B
2011-10-23 20:36:42.907000,131,B
2011-10-23 20:36:45.124000,131,B
2011-10-23 20:36:47.390000,131,B
2011-10-23 20:36:49.040000,131,B
2011-10-23 20:36:51.940000,131,B
2011-10-23 20:36:52.440000,131,B
2011-10-23 20:37:40.357000,131,B
2011-10-23 20:37:42.740000,131,B
2011-10-23 20:38:18.624000,131,B
2011-10-23 20:38:20.990000,131,B
2011-10-23 20:38:54.840000,131,B
2011-10-23 20:38:57.207000,131,B
2011-10-23 20:39:30.907000,131,B
2011-10-23 20:39:33.274000,131,B
2011-10-23 20:40:07.207000,131,B
2011-10-23 20:40:09.590000,131,B
2011-10-23 20:40:43.990000,131,B
2011-10-23 20:40:46.340000,131,B
2011-10-23 20:41:20.907000,131,B
2011-10-23 20:41:23.274000,131,B
2011-10-23 20:42:18.274000,153,B
2011-10-23 20:42:19.573000,111,A
2011-10-23 20:42:31.107000,111,A
2011-10-23 20:42:36.540000,111,A
2011-10-23 20:42:50.790000,111,A
2011-10-23 20:42:57.774000,111,A
2011-10-23 20:44:24.990000,111,A
2011-10-23 20:44:28.240000,111,A
2011-10-23 20:55:33.223000,140,B
2011-10-23 20:55:43.107000,140,B
2011-10-23 20:57:24.857000,140,B
2011-10-23 20:58:26.807000,1089,A
2011-10-23 21:00:20.274000,1090,A
2011-10-23 21:02:21.807000,211,B
2011-10-23 21:04:04.940000,128,B
2011-10-23 21:04:16.907000,111,A
2011-10-23 21:04:21.407000,111,A
2011-10-23 21:07:13.490000,111,A
2011-10-23 21:07:24.307000,211,B
2011-10-23 21:07:25.590000,211,B
2011-10-23 21:07:28.874000,211,B
2011-10-23 21:07:31.157000,211,B
2011-10-23 21:07:34.707000,211,B
2011-10-23 21:07:39.674000,111,A
2011-10-23 21:07:43.340000,111,A
2011-10-23 21:08:59.707000,156,A
2011-10-23 21:09:14.024000,156,A
2011-10-23 21:10:04.507000,147,A
2011-10-23 21:10:04.507000,207,A
2011-10-23 21:39:24.524000,118,B
2011-10-23 21:41:26.690000,147,A
2011-10-23 21:41:26.707000,207,A
2011-10-23 21:41:32.457000,111,A
2011-10-23 21:41:44.257000,111,A
2011-10-23 21:41:49.473000,111,A
2011-10-23 21:43:41.240000,211,B
2011-10-23 21:44:28.823000,111,A
2011-10-23 21:44:33.540000,111,A
2011-10-23 21:46:11.124000,159,B
2011-10-23 21:46:16.857000,123,B
2011-10-23 21:46:26.973000,129,B
2011-10-23 21:47:27.124000,140,B
2011-10-23 21:52:23.840000,211,B
2011-10-23 21:52:34.307000,111,A
2011-10-23 21:52:42.640000,111,A
2011-10-23 21:53:26.440000,211,B
2011-10-23 21:53:30.490000,111,A
2011-10-23 21:53:34.723000,111,A
2011-10-23 21:54:31.857000,211,B
2011-10-23 21:55:58.440000,211,B
2011-10-23 21:56:45.107000,211,B
2011-10-23 21:57:05.390000,211,B
2011-10-23 21:57:14.257000,211,B
2011-10-23 22:00:13.890000,140,B
2011-10-23 22:00:23.757000,140,B
2011-10-23 22:03:36.557000,111,A
2011-10-23 22:06:56.723000,111,A
2011-10-23 22:07:01.207000,111,A
2011-10-23 22:07:21.907000,211,B
2011-10-23 22:07:35.640000,111,A
2011-10-23 22:07:40.124000,111,A
2011-10-23 22:08:54.674000,111,A
2011-10-23 22:09:01.040000,111,A
2011-10-23 22:09:23.240000,111,A
2011-10-23 22:09:25.774000,111,A
2011-10-23 22:11:40.924000,211,B
2011-10-23 22:12:54.424000,211,B
2011-10-23 22:13:44.407000,211,B
2011-10-23 22:15:04.723000,211,B
2011-10-23 22:15:53.723000,211,B
2011-10-23 22:16:00.657000,111,A
2011-10-23 22:16:04.607000,111,A
2011-10-23 22:16:35.823000,211,B
2011-10-23 22:18:29.007000,211,B
2011-10-23 22:18:48.740000,111,A
2011-10-23 22:18:51.007000,111,A
2011-10-23 22:30:36.223000,111,A
2011-10-23 22:30:43.940000,111,A
2011-10-23 22:30:44.257000,111,A
2011-10-23 22:31:02.473000,111,A
2011-10-23 22:31:11.990000,155,B
2011-10-23 22:32:21.240000,111,A
2011-10-23 22:39:20.407000,155,B
2011-10-23 22:39:34.290000,111,A
2011-10-23 22:39:36.807000,111,A
2011-10-23 22:39:42.207000,1091,A
2011-10-23 22:43:02.157000,129,B
2011-10-23 22:43:02.674000,123,B
2011-10-23 22:43:03.407000,1092,A
2011-10-23 22:43:06.907000,159,B
2011-10-23 22:43:18.274000,152,B
2011-10-23 22:52:16.557000,111,A
2011-10-23 22:53:44.573000,157,B
2011-10-23 22:56:21.774000,210,B
2011-10-23 22:56:23.524000,210,B
2011-10-23 22:56:25.690000,210,B
2011-10-23 22:56:47.424000,210,B
2011-10-23 22:57:09.657000,155,B
2011-10-23 22:57:21.840000,101,B
2011-10-23 22:57:21.857000,102,B
2011-10-23 22:57:33.524000,140,B
2011-10-23 22:59:44.624000,210,B
2011-10-23 22:59:48.573000,210,B
2011-10-23 23:00:02.307000,210,B
2011-10-23 23:00:45.573000,210,B
2011-10-23 23:00:47.624000,210,B
2011-10-23 23:01:48.124000,210,B
2011-10-23 23:01:48.707000,210,B
2011-10-23 23:02:00.323000,210,B
2011-10-23 23:02:47.924000,210,B
2011-10-23 23:09:47.757000,210,B
2011-10-23 23:12:45.073000,210,B
2011-10-23 23:12:48.840000,210,B
2011-10-23 23:13:22.940000,210,B
2011-10-23 23:14:45.174000,210,B
2011-10-23 23:15:47.907000,210,B
2011-10-23 23:16:05.323000,210,B
2011-10-23 23:18:45.140000,210,B
2011-10-23 23:18:49.057000,210,B
2011-10-23 23:19:21.940000,210,B
2011-10-23 23:19:45.240000,210,B
2011-10-23 23:20:48.024000,210,B
2011-10-23 23:21:05.857000,210,B
2011-10-23 23:21:48.424000,210,B
2011-10-23 23:22:49.290000,210,B
2011-10-23 23:24:45.457000,210,B
2011-10-23 23:24:49.057000,210,B
2011-10-23 23:25:24.973000,210,B
2011-10-23 23:26:46.874000,210,B
2011-10-23 23:26:49.157000,210,B
2011-10-23 23:28:37.890000,111,A
2011-10-23 23:44:28.990000,111,A
2011-10-23 23:45:28.907000,140,B
2011-10-23 23:45:29.740000,149,B
2011-10-23 23:45:38.640000,140,B
2011-10-23 23:45:41.874000,101,B
2011-10-23 23:45:41.907000,102,B
2011-10-23 23:45:58.357000,152,B
2011-10-23 23:46:07.890000,159,B
2011-10-23 23:46:08.440000,1093,B
2011-10-23 23:47:20.290000,140,B
2011-10-23 23:50:47.990000,210,B
2011-10-24 00:05:43.040000,123,B
2011-10-24 00:05:53.157000,129,B
2011-10-24 00:05:58.657000,129,B
2011-10-24 00:06:01.440000,129,B
2011-10-24 00:07:12.624000,129,B
2011-10-24 00:07:16.573000,123,B
2011-10-24 00:07:25.040000,129,B
2011-10-24 00:07:30.473000,129,B
2011-10-24 00:07:33.323000,129,B
2011-10-24 00:21:57.290000,111,A
2011-10-24 00:37:16.624000,111,A
2011-10-24 01:15:18.440000,111,A
2011-10-24 01:30:13.907000,111,A
2011-10-24 01:31:08.190000,129,B
2011-10-24 01:31:08.757000,123,B
2011-10-24 01:31:28.174000,1094,B
2011-10-24 01:31:29.857000,159,B
2011-10-24 01:31:38.407000,152,B
2011-10-24 01:31:40.440000,153,B
2011-10-24 01:31:53.890000,102,B
2011-10-24 01:31:53.907000,101,B
2011-10-24 01:31:57.607000,149,B
2011-10-24 01:32:54.573000,149,B
2011-10-24 02:08:38.774000,111,A
2011-10-24 02:23:35.540000,111,A
2011-10-24 03:02:26.657000,111,A
2011-10-24 03:17:12.157000,111,A
2011-10-24 03:56:41.174000,111,A
2011-10-24 04:04:30.390000,207,A
2011-10-24 04:04:30.407000,127,A
2011-10-24 04:04:49.274000,127,A
2011-10-24 04:04:49.290000,207,A
2011-10-24 04:11:13.024000,111,A
2011-10-24 04:51:11.374000,111,A
2011-10-24 05:05:39.207000,111,A
2011-10-24 05:45:57.040000,111,A
2011-10-24 06:00:15.257000,111,A
2011-10-24 06:06:21.590000,204,B
2011-10-24 06:08:06.124000,204,B
2011-10-24 06:12:11.790000,204,B
2011-10-24 06:14:12.090000,204,B
2011-10-24 06:24:23.440000,204,B
2011-10-24 06:41:06.757000,111,A
2011-10-24 06:55:12.307000,111,A
2011-10-24 07:36:13.140000,111,A
2011-10-24 07:50:27.690000,111,A
2011-10-24 08:10:19.424000,156,A
2011-10-24 08:12:07.640000,156,A
2011-10-24 08:12:11.407000,128,B
2011-10-24 08:12:11.407000,118,B
2011-10-24 08:30:59.124000,111,A
2011-10-24 08:45:17.540000,111,A
2011-10-24 09:26:05.890000,111,A
2011-10-24 09:31:04.090000,156,A
2011-10-24 09:31:33.424000,150,B
2011-10-24 09:33:16.174000,149,B
2011-10-24 09:34:29.557000,1095,A
2011-10-24 09:40:31.907000,111,A
2011-10-24 09:46:33.557000,204,B
2011-10-24 09:53:51.573000,150,B
2011-10-24 09:54:06.157000,149,B
2011-10-24 09:56:15.957000,155,B
2011-10-24 09:56:43.174000,111,A
2011-10-24 09:56:55.507000,111,A
2011-10-24 10:05:02.223000,156,A
2011-10-24 10:06:51.190000,1096,A
2011-10-24 10:10:01.040000,155,B
2011-10-24 10:18:12.524000,111,A
2011-10-24 10:19:04.207000,128,B
2011-10-24 10:19:10.407000,128,B
2011-10-24 10:19:14.357000,128,B
2011-10-24 10:33:31.657000,111,A
2011-10-24 10:54:28.407000,118,B
2011-10-24 11:14:24.323000,111,A
2011-10-24 11:29:25.223000,111,A
2011-10-24 12:10:27.973000,111,A
2011-10-24 12:24:52.874000,111,A
2011-10-24 13:06:36.057000,111,A
2011-10-24 13:20:52.740000,111,A
2011-10-24 14:02:40.240000,111,A
2011-10-24 14:16:54.007000,111,A
2011-10-24 14:59:09.374000,111,A
2011-10-24 15:13:11.473000,111,A
2011-10-24 15:55:44.790000,111,A
2011-10-24 16:09:36.190000,111,A
2011-10-24 16:52:19.307000,111,A
2011-10-24 17:05:58.973000,111,A
2011-10-24 17:08:42.307000,150,B
2011-10-24 17:09:33.640000,156,A
2011-10-24 17:12:02.090000,156,A
2011-10-24 17:12:05.907000,118,B
2011-10-24 17:12:05.907000,128,B
2011-10-24 17:13:24.524000,150,B
2011-10-24 17:13:46.607000,155,B
2011-10-24 17:13:51.490000,111,A
2011-10-24 17:14:20.507000,111,A
2011-10-24 17:17:22.323000,211,B
2011-10-24 17:17:26.757000,211,B
2011-10-24 17:17:33.073000,211,B
2011-10-24 17:17:34.807000,211,B
2011-10-24 17:18:02.823000,211,B
2011-10-24 17:18:05.357000,211,B
2011-10-24 17:18:12.707000,211,B
2011-10-24 17:18:14.607000,211,B
2011-10-24 17:18:16.007000,211,B
2011-10-24 17:18:22.774000,111,A
2011-10-24 17:18:26.907000,111,A
2011-10-24 17:18:28.657000,211,B
2011-10-24 17:18:32.707000,211,B
2011-10-24 17:20:12.490000,111,A
2011-10-24 17:20:32.890000,111,A
2011-10-24 17:20:40.723000,152,B
2011-10-24 17:20:53.507000,159,B
2011-10-24 17:20:59.690000,123,B
2011-10-24 17:21:09.840000,129,B
2011-10-24 17:21:15.290000,129,B
2011-10-24 17:21:18.090000,129,B
2011-10-24 17:38:11.957000,128,B
2011-10-24 17:38:17.774000,128,B
2011-10-24 17:38:21.407000,128,B
2011-10-24 17:39:18.257000,111,A
2011-10-24 17:46:45.740000,204,B
2011-10-24 17:48:24.073000,204,B
2011-10-24 17:54:12.307000,111,A
2011-10-24 18:13:30.073000,118,B
2011-10-24 18:35:29.440000,111,A
2011-10-24 18:49:02.723000,111,A
2011-10-24 18:49:36.124000,204,B
2011-10-24 18:53:28.990000,204,B
2011-10-24 18:55:02.107000,129,B
2011-10-24 18:55:02.924000,123,B
2011-10-24 18:55:47.357000,159,B
2011-10-24 18:56:05.357000,157,B
2011-10-24 18:56:23.957000,111,A
2011-10-24 18:56:33.174000,111,A
2011-10-24 18:57:38.107000,101,B
2011-10-24 18:57:38.124000,102,B
2011-10-24 18:57:38.223000,101,B
2011-10-24 18:57:38.223000,151,B
2011-10-24 18:57:51.657000,149,B
2011-10-24 18:57:54.223000,118,B
2011-10-24 18:57:54.223000,128,B
2011-10-24 19:00:26.340000,149,B
2011-10-24 19:03:07.024000,152,B
2011-10-24 19:04:09.390000,156,A
2011-10-24 19:04:29.140000,156,A
2011-10-24 19:04:32.457000,149,B
2011-10-24 19:09:39.573000,149,B
2011-10-24 19:10:17.223000,111,A
2011-10-24 19:10:32.024000,111,A
2011-10-24 19:10:32.707000,111,A
2011-10-24 19:10:37.457000,111,A
2011-10-24 19:14:40.424000,152,B
2011-10-24 19:14:52.790000,159,B
2011-10-24 19:14:59.340000,123,B
2011-10-24 19:15:09.473000,129,B
2011-10-24 19:15:14.907000,129,B
2011-10-24 19:15:17.740000,129,B
2011-10-24 19:22:55.340000,111,A
2011-10-24 19:31:44.807000,129,B
2011-10-24 19:31:45.257000,123,B
2011-10-24 19:32:01.040000,159,B
2011-10-24 19:32:23.924000,152,B
2011-10-24 19:33:00.240000,209,B
2011-10-24 19:33:13.057000,209,B
2011-10-24 19:33:23.940000,153,B
2011-10-24 19:34:15.090000,128,B
2011-10-24 19:34:20.624000,128,B
2011-10-24 19:34:24.890000,128,B
2011-10-24 19:35:41.690000,147,A
2011-10-24 19:37:22.607000,111,A
2011-10-24 19:40:04.557000,209,B
2011-10-24 19:40:16.957000,209,B
2011-10-24 19:41:14.357000,111,A
2011-10-24 19:42:04.473000,111,A
2011-10-24 19:46:43.657000,211,B
2011-10-24 19:54:16.990000,152,B
2011-10-24 19:54:32.374000,159,B
2011-10-24 19:55:30.024000,159,B
2011-10-24 19:56:09.573000,158,A
2011-10-24 19:57:17.257000,158,A
2011-10-24 20:00:57.424000,152,B
2011-10-24 20:01:14.323000,211,B
2011-10-24 20:01:56.290000,211,B
2011-10-24 20:03:12.140000,211,B
2011-10-24 20:03:57.540000,211,B
2011-10-24 20:05:08.790000,211,B
2011-10-24 20:05:56.507000,211,B
2011-10-24 20:07:07.057000,211,B
2011-10-24 20:07:57.340000,211,B
2011-10-24 20:09:06.674000,211,B
2011-10-24 20:09:31.957000,118,B
2011-10-24 20:09:53.007000,149,B
2011-10-24 20:09:59.857000,211,B
2011-10-24 20:10:12.757000,140,B
2011-10-24 20:10:45.690000,128,B
2011-10-24 20:10:45.790000,118,B
2011-10-24 20:11:06.207000,211,B
2011-10-24 20:11:59.807000,211,B
2011-10-24 20:12:13.024000,111,A
2011-10-24 20:13:04.440000,211,B
2011-10-24 20:14:01.340000,211,B
2011-10-24 20:15:04.057000,211,B
2011-10-24 20:16:02.790000,211,B
2011-10-24 20:17:07.907000,211,B
2011-10-24 20:18:09.624000,211,B
2011-10-24 20:19:12.657000,211,B
2011-10-24 20:20:13.374000,211,B
2011-10-24 20:20:20.790000,156,A
2011-10-24 20:21:06.807000,158,A
2011-10-24 20:21:10.007000,156,A
2011-10-24 20:21:11.207000,211,B
2011-10-24 20:21:22.590000,149,B
2011-10-24 20:22:06.407000,211,B
2011-10-24 20:23:25.240000,211,B
2011-10-24 20:24:15.557000,211,B
2011-10-24 20:24:31.174000,111,A
2011-10-24 20:24:36.440000,111,A
2011-10-24 20:27:15.223000,152,B
2011-10-24 20:27:29.457000,159,B
2011-10-24 20:27:36.723000,123,B
2011-10-24 20:27:46.840000,129,B
2011-10-24 20:27:52.307000,129,B
2011-10-24 20:27:55.090000,129,B
2011-10-24 20:28:13.057000,211,B
2011-10-24 20:29:30.690000,111,A
2011-10-24 20:30:29.290000,211,B
2011-10-24 20:31:17.607000,211,B
2011-10-24 20:31:19.507000,140,B
2011-10-24 20:31:29.240000,140,B
2011-10-24 20:32:27.507000,211,B
2011-10-24 20:33:10.823000,140,B
2011-10-24 20:33:19.507000,211,B
2011-10-24 20:34:25.490000,211,B
2011-10-24 20:35:20.307000,211,B
2011-10-24 20:36:25.707000,211,B
2011-10-24 20:37:20.524000,211,B
2011-10-24 20:38:24.624000,211,B
2011-10-24 20:39:19.524000,211,B
2011-10-24 20:40:27.090000,211,B
2011-10-24 20:41:23.973000,211,B
2011-10-24 20:42:28.973000,211,B
2011-10-24 20:43:22.490000,211,B
2011-10-24 20:44:30.107000,211,B
2011-10-24 20:45:45.524000,128,B
2011-10-24 20:45:51.057000,128,B
2011-10-24 20:45:55.307000,128,B
2011-10-24 20:46:42.140000,211,B
2011-10-24 20:48:18.207000,211,B
2011-10-24 20:49:09.507000,211,B
2011-10-24 20:50:17.407000,211,B
2011-10-24 20:51:09.024000,211,B
2011-10-24 20:52:14.723000,211,B
2011-10-24 20:53:07.907000,211,B
2011-10-24 20:54:13.957000,211,B
2011-10-24 20:55:08.157000,211,B
2011-10-24 20:56:13.524000,211,B
2011-10-24 20:57:06.707000,211,B
2011-10-24 20:58:12.057000,211,B
2011-10-24 20:59:08.907000,211,B
2011-10-24 21:00:15.857000,211,B
2011-10-24 21:01:17.040000,211,B
2011-10-24 21:01:32.890000,111,A
2011-10-24 21:01:38.007000,111,A
2011-10-24 21:07:36.124000,111,A
2011-10-24 21:12:54.374000,127,A
2011-10-24 21:12:54.374000,207,A
2011-10-24 21:13:13.357000,127,A
2011-10-24 21:13:13.357000,207,A
2011-10-24 21:21:02.240000,118,B
2011-10-24 21:22:43.090000,111,A
2011-10-24 21:28:56.040000,111,A
2011-10-24 21:28:59.874000,111,A
2011-10-24 21:29:03.557000,111,A
2011-10-24 21:29:11.257000,111,A
2011-10-24 21:29:16.840000,111,A
2011-10-24 21:29:23.607000,111,A
2011-10-24 21:29:29.940000,155,B
2011-10-24 21:53:13.374000,147,A
2011-10-24 21:53:18.140000,111,A
2011-10-24 21:53:23.540000,111,A
2011-10-24 21:56:06.040000,111,A
2011-10-24 22:12:11.390000,111,A
2011-10-24 22:52:40.507000,111,A
2011-10-24 23:07:18.024000,111,A
2011-10-24 23:48:44.674000,111,A
2011-10-25 00:03:05.073000,111,A
2011-10-25 00:12:26.007000,129,B
2011-10-25 00:12:26.490000,123,B
2011-10-25 00:12:36.823000,159,B
2011-10-25 00:13:07.874000,148,A
2011-10-25 00:14:46.140000,148,A
2011-10-25 00:15:00.807000,152,B
2011-10-25 00:15:27.590000,147,A
2011-10-25 00:17:00.290000,147,A
2011-10-25 00:17:26.007000,157,B
2011-10-25 00:17:50.857000,140,B
2011-10-25 00:45:21.040000,111,A
2011-10-25 00:59:31.457000,111,A
2011-10-25 01:09:28.740000,140,B
2011-10-25 01:09:36.990000,140,B
2011-10-25 01:09:54.457000,156,A
2011-10-25 01:10:20.223000,156,A
2011-10-25 01:10:33.257000,151,B
2011-10-25 01:10:34.723000,101,B
2011-10-25 01:10:34.740000,102,B
2011-10-25 01:11:18.223000,140,B
2011-10-25 01:42:22.857000,111,A
2011-10-25 01:56:13.357000,111,A
2011-10-25 02:08:34.774000,156,A
2011-10-25 02:10:04.124000,156,A
2011-10-25 02:39:49.657000,111,A
2011-10-25 02:53:31.540000,111,A
2011-10-25 03:37:41.340000,111,A
2011-10-25 03:51:17.874000,111,A
2011-10-25 04:36:01.657000,111,A
2011-10-25 04:49:25.057000,111,A
2011-10-25 05:34:41.207000,111,A
2011-10-25 05:47:51.624000,111,A
2011-10-25 06:06:42.290000,204,B
2011-10-25 06:08:20.990000,204,B
2011-10-25 06:11:06.190000,204,B
2011-10-25 06:33:42.357000,111,A
2011-10-25 06:46:51.840000,111,A
2011-10-25 07:32:04.357000,111,A
2011-10-25 07:45:13.357000,111,A
2011-10-25 07:46:06.207000,156,A
2011-10-25 07:47:25.223000,156,A
2011-10-25 07:47:29.674000,118,B
2011-10-25 07:47:29.774000,128,B
2011-10-25 07:48:16.723000,149,B
2011-10-25 07:59:36.207000,156,A
2011-10-25 08:01:28.257000,156,A
2011-10-25 08:15:18.890000,150,B
2011-10-25 08:15:56.924000,134,B
2011-10-25 08:16:49.640000,134,B
2011-10-25 08:17:20.473000,134,B
2011-10-25 08:17:26.557000,134,B
2011-10-25 08:17:51.490000,134,B
2011-10-25 08:17:59.340000,134,B
2011-10-25 08:18:46.140000,134,B
2011-10-25 08:18:54.740000,134,B
2011-10-25 08:19:45.223000,156,A
2011-10-25 08:20:56.707000,1097,A
2011-10-25 08:31:08.107000,111,A
2011-10-25 08:39:59.990000,150,B
2011-10-25 08:40:37.557000,132,A
2011-10-25 08:43:26.790000,132,A
2011-10-25 08:44:18.657000,156,A
2011-10-25 08:44:33.340000,1098,A
2011-10-25 08:44:39.590000,111,A
2011-10-25 08:49:06.890000,149,B
2011-10-25 08:49:49.573000,155,B
2011-10-25 08:50:21.507000,209,B
2011-10-25 08:50:28.107000,209,B
2011-10-25 08:51:05.240000,111,A
2011-10-25 08:51:16.907000,111,A
2011-10-25 08:52:13.007000,209,B
2011-10-25 08:52:14.774000,209,B
2011-10-25 08:52:49.957000,209,B
2011-10-25 08:52:51.590000,209,B
2011-10-25 08:53:15.374000,152,B
2011-10-25 08:54:09.424000,152,B
2011-10-25 08:57:10.973000,153,B
2011-10-25 08:57:11.440000,155,B
2011-10-25 09:13:54.340000,128,B
2011-10-25 09:13:59.857000,128,B
2011-10-25 09:14:03.507000,128,B
2011-10-25 09:24:38.907000,111,A
2011-10-25 09:26:23.723000,140,B
2011-10-25 09:32:58.240000,156,A
2011-10-25 09:37:04.457000,140,B
2011-10-25 09:37:14.290000,140,B
2011-10-25 09:38:43.557000,111,A
2011-10-25 09:38:55.973000,140,B
2011-10-25 09:49:19.674000,118,B
2011-10-25 09:52:52.590000,156,A
2011-10-25 09:53:12.740000,134,B
2011-10-25 09:54:03.757000,134,B
2011-10-25 09:54:26.323000,134,B
2011-10-25 09:54:38.590000,134,B
2011-10-25 09:55:46.674000,134,B
2011-10-25 09:55:51.957000,134,B
2011-10-25 09:57:29.957000,134,B
2011-10-25 09:57:35.890000,134,B
2011-10-25 09:58:40.540000,134,B
2011-10-25 09:58:53.007000,134,B
2011-10-25 09:59:21.073000,134,B
2011-10-25 09:59:31.624000,134,B
2011-10-25 10:00:05.707000,134,B
2011-10-25 10:00:14.323000,134,B
2011-10-25 10:00:36.424000,134,B
2011-10-25 10:00:45.007000,134,B
2011-10-25 10:01:21.323000,134,B
2011-10-25 10:01:30.240000,134,B
2011-10-25 10:02:20.790000,134,B
2011-10-25 10:02:31.157000,134,B
2011-10-25 10:04:31.257000,134,B
2011-10-25 10:04:39.857000,134,B
2011-10-25 10:06:54.107000,140,B
2011-10-25 10:07:28.057000,134,B
2011-10-25 10:07:36.357000,134,B
2011-10-25 10:08:45.207000,140,B
2011-10-25 10:08:53.507000,140,B
2011-10-25 10:10:35.174000,140,B
2011-10-25 10:21:29.840000,111,A
2011-10-25 10:35:32.290000,111,A
2011-10-25 10:57:30.024000,204,B
2011-10-25 11:18:20.557000,111,A
2011-10-25 11:32:23.857000,111,A
2011-10-25 12:15:42.674000,111,A
2011-10-25 12:29:42.090000,111,A
2011-10-25 13:13:00.840000,111,A
2011-10-25 13:27:04.490000,111,A
2011-10-25 14:11:26.024000,111,A
2011-10-25 14:13:50.540000,127,A
2011-10-25 14:13:50.540000,207,A
2011-10-25 14:14:09.207000,207,A
2011-10-25 14:14:09.207000,127,A
2011-10-25 14:25:31.307000,111,A
2011-10-25 15:10:15.190000,111,A
2011-10-25 15:24:26.990000,111,A
2011-10-25 16:08:57.857000,111,A
2011-10-25 16:23:14.840000,111,A
2011-10-25 17:07:33.490000,111,A
2011-10-25 17:17:34.840000,1099,A
2011-10-25 17:21:19.957000,1100,A
2011-10-25 17:21:25.174000,155,B
2011-10-25 17:21:34.223000,111,A
2011-10-25 17:21:47.657000,111,A
2011-10-25 17:22:19.207000,155,B
2011-10-25 17:22:21.040000,152,B
2011-10-25 17:22:32.690000,159,B
2011-10-25 17:22:40.357000,123,B
2011-10-25 17:22:50.490000,129,B
2011-10-25 17:22:55.940000,129,B
2011-10-25 17:22:58.874000,129,B
2011-10-25 17:24:37.307000,111,A
2011-10-25 17:54:35.857000,129,B
2011-10-25 17:54:36.307000,123,B
2011-10-25 17:54:51.507000,159,B
2011-10-25 17:55:02.424000,152,B
2011-10-25 17:55:04.973000,155,B
2011-10-25 17:56:03.174000,111,A
2011-10-25 17:56:06.740000,111,A
2011-10-25 17:56:11.057000,157,B
2011-10-25 17:59:08.707000,1101,A
2011-10-25 18:00:11.024000,1102,A
2011-10-25 18:00:41.790000,207,A
2011-10-25 18:00:42.640000,103,B
2011-10-25 18:05:55.407000,111,A
2011-10-25 18:18:09.957000,152,B
2011-10-25 18:18:22.440000,1103,B
2011-10-25 18:19:34.624000,1104,B
2011-10-25 18:20:35.190000,111,A
2011-10-25 18:28:09.024000,103,B
2011-10-25 18:28:21.840000,103,B
2011-10-25 18:32:50.407000,1105,B
2011-10-25 18:32:56.007000,1106,B
2011-10-25 18:46:07.257000,147,A
2011-10-25 18:46:07.274000,207,A
2011-10-25 18:48:25.940000,207,A
2011-10-25 18:48:26.740000,103,B
2011-10-25 18:48:39.223000,103,B
2011-10-25 18:50:00.573000,152,B
2011-10-25 18:50:10.807000,151,B
2011-10-25 18:50:10.807000,102,B
2011-10-25 18:50:10.823000,101,B
2011-10-25 18:50:25.424000,149,B
2011-10-25 18:50:26.857000,118,B
2011-10-25 18:50:26.874000,128,B
2011-10-25 18:53:07.807000,1107,B
2011-10-25 19:00:21.690000,158,A
2011-10-25 19:03:52.790000,111,A
2011-10-25 19:17:22.624000,158,A
2011-10-25 19:18:07.240000,111,A
2011-10-25 19:20:11.007000,149,B
2011-10-25 19:20:11.024000,151,B
2011-10-25 19:20:14.424000,101,B
2011-10-25 19:20:14.440000,102,B
2011-10-25 19:20:54.573000,157,B
2011-10-25 19:44:58.874000,128,B
2011-10-25 19:45:04.424000,128,B
2011-10-25 19:45:08.357000,128,B
2011-10-25 20:02:32.340000,111,A
2011-10-25 20:16:50.440000,111,A
2011-10-25 20:20:26.007000,118,B
2011-10-25 20:40:02.090000,157,B
2011-10-25 20:40:18.140000,147,A
2011-10-25 20:40:18.157000,207,A
2011-10-25 20:41:21.340000,111,A
2011-10-25 20:41:31.707000,111,A
2011-10-25 20:44:01.940000,209,B
2011-10-25 20:44:03.473000,111,A
2011-10-25 20:44:04.374000,209,B
2011-10-25 20:44:08.840000,111,A
2011-10-25 20:44:38.223000,149,B
2011-10-25 20:44:53.090000,140,B
2011-10-25 20:45:15.924000,209,B
2011-10-25 20:45:17.473000,209,B
2011-10-25 20:46:12.874000,149,B
2011-10-25 20:47:03.473000,111,A
2011-10-25 20:47:19.874000,111,A
2011-10-25 20:50:28.690000,111,A
2011-10-25 20:56:09.790000,140,B
2011-10-25 20:56:19.440000,140,B
2011-10-25 20:56:47.573000,111,A
2011-10-25 20:56:54.274000,111,A
2011-10-25 20:57:38.323000,111,A
2011-10-25 20:57:48.190000,111,A
2011-10-25 20:58:00.274000,111,A
2011-10-25 20:58:01.223000,140,B
2011-10-25 20:58:21.590000,111,A
2011-10-25 20:59:08.174000,111,A
2011-10-25 20:59:32.424000,111,A
2011-10-25 20:59:36.790000,111,A
2011-10-25 20:59:45.407000,111,A
2011-10-25 21:00:07.557000,111,A
2011-10-25 21:00:16.573000,111,A
2011-10-25 21:00:36.590000,111,A
2011-10-25 21:00:42.257000,111,A
2011-10-25 21:03:31.207000,111,A
2011-10-25 21:03:35.290000,111,A
2011-10-25 21:11:59.473000,111,A
2011-10-25 21:14:08.440000,111,A
2011-10-25 21:14:21.240000,111,A
2011-10-25 21:16:15.840000,111,A
2011-10-25 21:16:20.040000,153,B
2011-10-25 21:16:37.140000,111,A
2011-10-25 21:16:40.090000,111,A
2011-10-25 21:19:21.223000,211,B
2011-10-25 21:19:24.440000,211,B
2011-10-25 21:19:25.857000,211,B
2011-10-25 21:19:27.624000,211,B
2011-10-25 21:22:25.573000,211,B
2011-10-25 21:22:29.573000,211,B
2011-10-25 21:22:50.174000,211,B
2011-10-25 21:22:55.507000,211,B
2011-10-25 21:24:26.874000,101,B
2011-10-25 21:24:26.874000,102,B
2011-10-25 21:24:55.774000,111,A
2011-10-25 21:24:57.390000,111,A
2011-10-25 21:24:58.190000,111,A
2011-10-25 21:25:03.590000,111,A
2011-10-25 21:25:06.640000,111,A
2011-10-25 21:25:10.157000,111,A
2011-10-25 21:26:24.823000,111,A
2011-10-25 21:26:31.307000,111,A
2011-10-25 21:29:37.907000,108,A
2011-10-25 21:30:08.374000,108,A
2011-10-25 21:30:48.274000,108,A
2011-10-25 21:31:54.473000,108,A
2011-10-25 21:33:38.407000,108,A
2011-10-25 21:33:56.274000,108,A
2011-10-25 21:33:57.657000,108,A
2011-10-25 21:33:57.957000,108,A
2011-10-25 21:33:58.174000,108,A
2011-10-25 21:34:04.257000,108,A
2011-10-25 21:34:26.357000,108,A
2011-10-25 21:34:32.757000,108,A
2011-10-25 21:34:49.540000,111,A
2011-10-25 21:34:53.007000,111,A
2011-10-25 21:36:39.890000,152,B
2011-10-25 21:36:53.890000,159,B
2011-10-25 21:37:24.157000,123,B
2011-10-25 21:37:34.274000,129,B
2011-10-25 21:37:39.723000,129,B
2011-10-25 21:37:42.524000,129,B
2011-10-25 21:45:06.757000,111,A
2011-10-25 21:53:54.790000,111,A
2011-10-25 21:54:07.774000,111,A
2011-10-25 21:54:11.573000,155,B
2011-10-25 21:59:54.790000,155,B
2011-10-25 22:00:54.007000,209,B
2011-10-25 22:00:57.507000,209,B
2011-10-25 22:02:02.473000,111,A
2011-10-25 22:02:06.407000,111,A
2011-10-25 22:02:12.223000,111,A
2011-10-25 22:02:15.274000,111,A
2011-10-25 22:04:04.840000,111,A
2011-10-25 22:04:11.607000,111,A
2011-10-25 22:05:34.323000,111,A
2011-10-25 22:05:37.757000,111,A
2011-10-25 22:05:38.340000,111,A
2011-10-25 22:05:44.340000,111,A
2011-10-25 22:09:16.723000,111,A
2011-10-25 22:29:43.540000,111,A
2011-10-25 23:04:18.524000,111,A
2011-10-25 23:21:10.424000,111,A
2011-10-25 23:25:53.490000,111,A
2011-10-25 23:25:58.807000,111,A
2011-10-25 23:26:10.940000,111,A
2011-10-25 23:26:25.607000,111,A
2011-10-25 23:26:39.040000,155,B
2011-10-25 23:52:57.624000,111,A
2011-10-25 23:56:44.507000,111,A
2011-10-25 23:56:51.607000,111,A
2011-10-25 23:57:08.640000,157,B
2011-10-25 23:57:11.090000,153,B
2011-10-26 00:11:49.473000,111,A
2011-10-26 00:40:52.440000,158,A
2011-10-26 00:42:31.957000,158,A
2011-10-26 00:47:26.840000,111,A
2011-10-26 01:03:31.973000,111,A
2011-10-26 01:19:44.240000,129,B
2011-10-26 01:21:57.596000,1108,B
2011-10-26 01:22:09.129000,101,B
2011-10-26 01:22:09.129000,102,B
2011-10-26 01:22:31.195000,140,B
2011-10-26 01:23:13.379000,140,B
2011-10-26 01:23:23.162000,140,B
2011-10-26 01:25:04.712000,140,B
2011-10-26 01:38:36.779000,111,A
2011-10-26 01:54:14.512000,111,A
2011-10-26 02:32:13.662000,111,A
2011-10-26 02:47:07.979000,111,A
2011-10-26 03:25:56.396000,111,A
2011-10-26 03:40:31.695000,111,A
2011-10-26 04:20:34.912000,111,A
2011-10-26 04:35:02.462000,111,A
2011-10-26 05:17:00.912000,111,A
2011-10-26 05:31:23.396000,111,A
2011-10-26 06:06:01.562000,204,B
2011-10-26 06:07:53.179000,204,B
2011-10-26 06:13:39.729000,111,A
2011-10-26 06:24:55.846000,204,B
2011-10-26 06:27:54.612000,111,A
2011-10-26 07:10:52.629000,111,A
2011-10-26 07:25:20.646000,111,A
2011-10-26 07:53:18.862000,207,A
2011-10-26 07:53:18.879000,127,A
2011-10-26 07:53:38.146000,127,A
2011-10-26 07:53:38.162000,207,A
2011-10-26 08:08:17.496000,111,A
2011-10-26 08:22:55.079000,111,A
2011-10-26 08:32:18.079000,156,A
2011-10-26 08:34:09.879000,156,A
2011-10-26 08:34:12.779000,149,B
2011-10-26 08:34:20.445000,118,B
2011-10-26 08:34:20.462000,128,B
2011-10-26 09:03:55.746000,156,A
2011-10-26 09:05:41.462000,111,A
2011-10-26 09:07:46.879000,1109,A
2011-10-26 09:11:20.545000,1110,A
2011-10-26 09:12:04.346000,150,B
2011-10-26 09:12:12.195000,204,B
2011-10-26 09:13:49.929000,134,B
2011-10-26 09:14:42.746000,134,B
2011-10-26 09:20:22.712000,111,A
2011-10-26 09:22:51.629000,156,A
2011-10-26 09:23:08.112000,156,A
2011-10-26 09:23:08.379000,158,A
2011-10-26 09:23:17.812000,1111,A
2011-10-26 09:26:38.529000,140,B
2011-10-26 09:29:54.896000,140,B
2011-10-26 09:30:03.962000,140,B
2011-10-26 09:30:18.812000,158,A
2011-10-26 09:31:46.129000,140,B
2011-10-26 09:36:51.462000,132,A
2011-10-26 09:39:09.896000,132,A
2011-10-26 09:39:29.729000,1112,A
2011-10-26 09:39:35.429000,156,A
2011-10-26 09:40:31.129000,150,B
2011-10-26 09:40:48.212000,149,B
2011-10-26 09:41:24.429000,152,B
2011-10-26 09:41:55.596000,152,B
2011-10-26 09:41:59.195000,155,B
2011-10-26 09:42:07.112000,111,A
2011-10-26 09:42:33.112000,111,A
2011-10-26 09:42:33.795000,111,A
2011-10-26 09:42:37.596000,111,A
2011-10-26 09:44:30.496000,152,B
2011-10-26 09:45:40.962000,152,B
2011-10-26 09:46:36.246000,155,B
2011-10-26 09:54:32.462000,111,A
2011-10-26 10:05:41.262000,128,B
2011-10-26 10:05:46.795000,128,B
2011-10-26 10:05:50.429000,128,B
2011-10-26 10:09:46.295000,111,A
2011-10-26 10:41:04.329000,118,B
2011-10-26 10:52:16.096000,111,A
2011-10-26 11:06:49.079000,111,A
2011-10-26 11:49:29.679000,111,A
2011-10-26 12:04:05.529000,111,A
2011-10-26 12:46:56.579000,111,A
2011-10-26 13:01:32.529000,111,A
2011-10-26 13:44:09.029000,111,A
2011-10-26 13:58:47.129000,111,A
2011-10-26 14:41:21.929000,111,A
2011-10-26 14:56:03.729000,111,A
2011-10-26 15:38:55.629000,111,A
2011-10-26 15:53:44.445000,111,A
2011-10-26 15:53:44.445000,111,A
2011-10-26 16:36:02.896000,111,A
2011-10-26 16:36:02.896000,111,A
2011-10-26 16:50:42.662000,111,A
2011-10-26 16:50:42.662000,111,A
2011-10-26 17:33:32.096000,111,A
2011-10-26 17:48:09.996000,111,A
2011-10-26 18:24:12.346000,111,A
2011-10-26 18:24:14.346000,111,A
2011-10-26 18:30:26.679000,111,A
2011-10-26 18:45:11.596000,111,A
2011-10-26 19:27:51.629000,111,A
2011-10-26 19:42:30.762000,111,A
2011-10-26 20:25:17.896000,111,A
2011-10-26 20:39:59.812000,111,A
2011-10-26 20:43:59.479000,155,B
2011-10-26 20:44:10.496000,157,B
2011-10-26 20:45:45.629000,151,B
2011-10-26 20:45:50.679000,149,B
2011-10-26 20:45:51.779000,128,B
2011-10-26 20:45:51.795000,118,B
2011-10-26 20:46:12.962000,140,B
2011-10-26 20:48:07.396000,150,B
2011-10-26 20:48:28.246000,156,A
2011-10-26 20:48:37.862000,1115,A
2011-10-26 20:51:25.646000,101,B
2011-10-26 20:51:25.662000,102,B
2011-10-26 20:54:05.362000,209,B
2011-10-26 20:54:10.429000,209,B
2011-10-26 20:54:16.096000,1116,A
2011-10-26 20:54:23.162000,156,A
2011-10-26 20:55:13.945000,150,B
2011-10-26 20:55:27.795000,149,B
2011-10-26 21:01:11.262000,140,B
2011-10-26 21:01:20.979000,140,B
2011-10-26 21:02:27.412000,211,B
2011-10-26 21:03:02.545000,140,B
2011-10-26 21:03:11.996000,211,B
2011-10-26 21:03:15.612000,211,B
2011-10-26 21:03:27.545000,211,B
2011-10-26 21:03:29.329000,211,B
2011-10-26 21:10:35.746000,211,B
2011-10-26 21:10:53.179000,211,B
2011-10-26 21:11:05.279000,211,B
2011-10-26 21:11:06.562000,211,B
2011-10-26 21:11:08.195000,211,B
2011-10-26 21:12:02.212000,211,B
2011-10-26 21:12:17.012000,128,B
2011-10-26 21:12:22.396000,128,B
2011-10-26 21:12:26.612000,128,B
2011-10-26 21:12:55.829000,211,B
2011-10-26 21:14:08.629000,211,B
2011-10-26 21:14:59.646000,211,B
2011-10-26 21:16:06.379000,211,B
2011-10-26 21:16:10.396000,211,B
2011-10-26 21:16:20.312000,211,B
2011-10-26 21:16:28.545000,211,B
2011-10-26 21:16:37.146000,211,B
2011-10-26 21:16:46.779000,211,B
2011-10-26 21:18:27.629000,111,A
2011-10-26 21:18:31.729000,111,A
2011-10-26 21:19:50.045000,149,B
2011-10-26 21:19:55.346000,140,B
2011-10-26 21:20:21.079000,149,B
2011-10-26 21:20:23.912000,151,B
2011-10-26 21:21:01.896000,111,A
2011-10-26 21:22:19.712000,211,B
2011-10-26 21:23:06.412000,211,B
2011-10-26 21:24:12.146000,211,B
2011-10-26 21:25:04.312000,211,B
2011-10-26 21:26:04.162000,211,B
2011-10-26 21:26:58.012000,211,B
2011-10-26 21:27:55.529000,211,B
2011-10-26 21:28:49.146000,211,B
2011-10-26 21:29:47.962000,211,B
2011-10-26 21:30:16.646000,140,B
2011-10-26 21:30:26.445000,140,B
2011-10-26 21:30:46.146000,211,B
2011-10-26 21:31:41.662000,211,B
2011-10-26 21:32:07.896000,140,B
2011-10-26 21:32:42.412000,211,B
2011-10-26 21:33:38.346000,211,B
2011-10-26 21:34:41.295000,211,B
2011-10-26 21:35:35.912000,211,B
2011-10-26 21:36:20.846000,111,A
2011-10-26 21:36:36.295000,211,B
2011-10-26 21:37:30.295000,211,B
2011-10-26 21:38:03.612000,211,B
2011-10-26 21:38:07.445000,147,A
2011-10-26 21:38:07.462000,207,A
2011-10-26 21:39:26.212000,211,B
2011-10-26 21:40:57.429000,211,B
2011-10-26 21:41:45.429000,211,B
2011-10-26 21:42:57.312000,211,B
2011-10-26 21:43:49.246000,211,B
2011-10-26 21:45:01.712000,211,B
2011-10-26 21:45:51.429000,211,B
2011-10-26 21:46:30.246000,1117,A
2011-10-26 21:47:01.646000,211,B
2011-10-26 21:47:07.795000,1118,A
2011-10-26 21:47:38.562000,118,B
2011-10-26 21:47:43.979000,152,B
2011-10-26 21:47:53.562000,211,B
2011-10-26 21:48:04.279000,159,B
2011-10-26 21:48:24.212000,159,B
2011-10-26 21:48:38.512000,152,B
2011-10-26 21:49:03.879000,211,B
2011-10-26 21:49:56.779000,211,B
2011-10-26 21:51:11.212000,211,B
2011-10-26 21:52:02.229000,211,B
2011-10-26 21:53:15.112000,211,B
2011-10-26 21:54:09.029000,211,B
2011-10-26 21:55:24.129000,211,B
2011-10-26 21:56:16.112000,211,B
2011-10-26 21:57:32.795000,211,B
2011-10-26 21:58:22.512000,211,B
2011-10-26 21:59:24.579000,207,A
2011-10-26 21:59:28.512000,103,B
2011-10-26 21:59:36.379000,211,B
2011-10-26 22:00:26.279000,211,B
2011-10-26 22:01:07.062000,207,A
2011-10-26 22:01:08.429000,103,B
2011-10-26 22:01:33.912000,1119,A
2011-10-26 22:01:40.712000,211,B
2011-10-26 22:02:30.162000,211,B
2011-10-26 22:03:43.295000,211,B
2011-10-26 22:04:33.596000,211,B
2011-10-26 22:05:50.862000,1120,A
2011-10-26 22:06:09.279000,111,A
2011-10-26 22:06:18.929000,111,A
2011-10-26 22:06:37.396000,111,A
2011-10-26 22:06:41.079000,111,A
2011-10-26 22:06:44.012000,111,A
2011-10-26 22:06:50.879000,111,A
2011-10-26 22:06:52.096000,111,A
2011-10-26 22:07:05.612000,111,A
2011-10-26 22:07:29.329000,111,A
2011-10-26 22:07:31.879000,111,A
2011-10-26 22:07:54.779000,111,A
2011-10-26 22:07:57.629000,111,A
2011-10-26 22:08:06.362000,111,A
2011-10-26 22:08:08.729000,111,A
2011-10-26 22:08:19.445000,111,A
2011-10-26 22:08:25.862000,111,A
2011-10-26 22:08:38.762000,111,A
2011-10-26 22:09:09.679000,111,A
2011-10-26 22:09:18.496000,111,A
2011-10-26 22:28:05.596000,111,A
2011-10-26 22:28:16.862000,1121,A
2011-10-26 22:29:15.612000,1122,A
2011-10-26 22:35:04.779000,111,A
2011-10-26 22:35:10.212000,111,A
2011-10-26 22:35:27.679000,152,B
2011-10-26 22:35:41.479000,159,B
2011-10-26 22:35:47.545000,123,B
2011-10-26 22:35:57.679000,129,B
2011-10-26 22:35:57.912000,111,A
2011-10-26 22:36:01.246000,111,A
2011-10-26 22:36:03.146000,129,B
2011-10-26 22:36:05.979000,129,B
2011-10-26 22:36:12.879000,111,A
2011-10-26 22:36:16.445000,111,A
2011-10-26 22:48:08.646000,207,A
2011-10-26 22:48:08.662000,147,A
2011-10-26 22:49:40.996000,155,B
2011-10-26 22:50:08.195000,157,B
2011-10-26 22:50:33.062000,210,B
2011-10-26 22:50:46.162000,210,B
2011-10-26 22:53:30.229000,210,B
2011-10-26 22:53:34.112000,210,B
2011-10-26 22:54:06.079000,210,B
2011-10-26 22:54:31.179000,210,B
2011-10-26 22:54:33.195000,210,B
2011-10-26 22:55:33.629000,210,B
2011-10-26 22:55:34.246000,210,B
2011-10-26 22:55:48.195000,210,B
2011-10-26 22:56:33.379000,210,B
2011-10-26 23:01:54.762000,111,A
2011-10-26 23:03:33.129000,210,B
2011-10-26 23:06:30.379000,210,B
2011-10-26 23:06:34.195000,210,B
2011-10-26 23:07:09.312000,210,B
2011-10-26 23:08:30.412000,210,B
2011-10-26 23:09:33.179000,210,B
2011-10-26 23:09:55.329000,210,B
2011-10-26 23:12:30.396000,210,B
2011-10-26 23:12:34.346000,210,B
2011-10-26 23:13:06.996000,210,B
2011-10-26 23:13:30.479000,210,B
2011-10-26 23:14:33.262000,210,B
2011-10-26 23:14:49.846000,210,B
2011-10-26 23:15:33.612000,210,B
2011-10-26 23:16:34.479000,210,B
2011-10-26 23:18:30.629000,210,B
2011-10-26 23:18:34.179000,210,B
2011-10-26 23:19:09.529000,210,B
2011-10-26 23:19:34.679000,111,A
2011-10-26 23:20:32.079000,210,B
2011-10-26 23:20:34.229000,210,B
2011-10-26 23:24:38.829000,111,A
2011-10-26 23:24:45.429000,111,A
2011-10-26 23:44:33.029000,210,B
2011-10-26 23:54:06.396000,111,A
2011-10-27 00:08:06.862000,111,A
2011-10-27 00:32:23.746000,111,A
2011-10-27 00:37:23.079000,111,A
2011-10-27 00:41:20.862000,129,B
2011-10-27 00:41:21.362000,123,B
2011-10-27 00:41:34.096000,159,B
2011-10-27 00:41:49.529000,152,B
2011-10-27 00:42:16.229000,140,B
2011-10-27 00:42:20.329000,140,B
2011-10-27 00:42:28.979000,156,A
2011-10-27 00:42:29.829000,140,B
2011-10-27 00:43:58.312000,156,A
2011-10-27 00:44:11.712000,140,B
2011-10-27 00:49:59.179000,140,B
2011-10-27 01:00:01.646000,140,B
2011-10-27 01:00:11.479000,140,B
2011-10-27 01:01:52.945000,140,B
2011-10-27 01:32:33.746000,111,A
2011-10-27 01:46:47.762000,156,A
2011-10-27 01:47:20.079000,156,A
2011-10-27 01:57:51.829000,127,A
2011-10-27 01:57:51.829000,207,A
2011-10-27 01:58:11.379000,207,A
2011-10-27 01:58:11.396000,127,A
2011-10-27 02:03:02.079000,111,A
2011-10-27 02:22:25.279000,111,A
2011-10-27 02:56:53.912000,111,A
2011-10-27 03:00:25.445000,118,B
2011-10-27 03:06:41.062000,118,B
2011-10-27 03:13:44.279000,111,A
2011-10-27 03:49:25.412000,111,A
2011-10-27 04:05:07.829000,111,A
2011-10-27 04:42:46.462000,111,A
2011-10-27 04:57:56.129000,111,A
2011-10-27 05:36:26.462000,111,A
2011-10-27 05:51:08.695000,111,A
2011-10-27 06:30:15.562000,111,A
2011-10-27 06:44:37.962000,111,A
2011-10-27 07:25:03.012000,111,A
2011-10-27 07:39:07.846000,111,A
2011-10-27 07:58:03.445000,149,B
2011-10-27 07:58:11.246000,118,B
2011-10-27 07:58:11.512000,128,B
2011-10-27 08:04:45.379000,204,B
2011-10-27 08:05:54.379000,204,B
2011-10-27 08:07:10.996000,156,A
2011-10-27 08:09:20.496000,156,A
2011-10-27 08:19:52.079000,111,A
2011-10-27 08:32:39.629000,204,B
2011-10-27 08:33:52.112000,111,A
2011-10-27 08:35:37.912000,204,B
2011-10-27 08:35:45.945000,150,B
2011-10-27 08:36:25.462000,134,B
2011-10-27 08:37:19.496000,134,B
2011-10-27 08:38:26.829000,134,B
2011-10-27 08:38:36.329000,134,B
2011-10-27 08:39:07.029000,134,B
2011-10-27 08:39:14.112000,134,B
2011-10-27 08:40:14.412000,156,A
2011-10-27 08:40:36.795000,1123,A
2011-10-27 09:01:52.996000,204,B
2011-10-27 09:01:57.362000,1124,A
2011-10-27 09:02:08.779000,132,A
2011-10-27 09:05:00.162000,132,A
2011-10-27 09:05:40.596000,204,B
2011-10-27 09:08:37.346000,1125,A
2011-10-27 09:08:43.096000,156,A
2011-10-27 09:11:39.862000,158,A
2011-10-27 09:12:15.512000,158,A
2011-10-27 09:14:54.362000,111,A
2011-10-27 09:14:58.012000,156,A
2011-10-27 09:15:34.012000,150,B
2011-10-27 09:16:46.695000,149,B
2011-10-27 09:17:49.629000,155,B
2011-10-27 09:18:35.962000,155,B
2011-10-27 09:28:43.162000,111,A
2011-10-27 09:39:24.545000,1126,A
2011-10-27 09:41:47.246000,1127,A
2011-10-27 09:42:03.795000,156,A
2011-10-27 09:42:59.996000,158,A
2011-10-27 09:45:42.662000,158,A
2011-10-27 09:46:21.246000,140,B
2011-10-27 09:46:58.062000,140,B
2011-10-27 09:47:05.496000,140,B
2011-10-27 09:48:09.312000,112,B
2011-10-27 09:48:47.762000,140,B
2011-10-27 10:10:01.762000,111,A
2011-10-27 10:16:11.362000,118,B
2011-10-27 10:23:42.679000,111,A
2011-10-27 11:05:09.329000,111,A
2011-10-27 11:18:44.212000,111,A
2011-10-27 12:00:52.646000,111,A
2011-10-27 12:14:23.562000,111,A
2011-10-27 12:57:17.079000,111,A
2011-10-27 13:10:45.112000,111,A
2011-10-27 13:54:08.862000,111,A
2011-10-27 14:07:21.612000,111,A
